"CAMP_ID","SITE","AVAIL_SITE"
2233,48,0
2234,12,0
2235,25,0
2236,15,0
2237,15,0
2238,45,0
2239,14,0
2240,20,0
2241,13,0
2242,42,0
2243,40,0
2244,26,0
2245,10,0
2246,40,0
2247,6,0
2248,10,0
2249,40,0
2250,10,0
2251,10,0
2252,61,0
2253,11,0
2255,30,0
2256,28,0
2257,10,0
2258,27,0
2259,14,0
2260,10,0
2261,10,0
2262,14,0
2263,13,0
2264,42,0
2265,10,0
2266,27,0
2267,30,0
2268,34,0
2269,10,0
2270,10,0
2271,10,0
2272,8,0
2273,31,0
2275,13,0
2276,10,0
2277,30,0
2278,56,0
2279,101,0
2280,50,0
2282,94,0
2283,47,0
2284,28,0
2285,10,0
2286,155,0
2287,67,0
2288,170,0
2289,15,0
2290,6,0
2291,35,0
2292,14,0
2293,15,0
2294,10,0
2295,10,0
2296,36,0
2298,70,0
2299,19,0
2300,163,0
2301,12,0
2302,40,0
2303,48,0
2304,14,0
2305,40,0
2306,24,0
2308,21,0
2309,15,0
2310,200,0
2312,10,0
2313,10,0
2314,3,0
2315,19,0
2316,24,0
2317,19,0
2318,10,0
2319,10,0
2320,10,0
2321,25,0
2322,14,0
2323,10,0
2324,29,0
2325,10,0
2326,46,0
2327,16,0
2328,29,0
2329,40,0
2330,33,0
2331,25,0
2332,10,0
2334,40,0
2335,39,0
2336,30,0
2337,8,0
2338,6,0
2339,19,0
2340,20,0
2341,48,0
2342,16,0
2343,35,0
2344,36,0
2345,10,0
2346,10,0
2347,50,0
2348,12,0
2349,28,0
2350,5,0
2351,15,0
2352,24,0
2353,27,0
2354,5,0
2355,27,0
2357,10,0
2358,42,0
2359,20,0
2360,10,0
2361,18,0
2362,100,0
2363,2,0
2364,25,0
2365,15,0
2366,40,0
2367,10,0
2368,25,0
2369,9,0
2370,5,0
2371,8,0
2372,10,0
2373,50,0
2374,4,0
2375,10,0
2376,10,0
2377,72,0
2378,10,0
2379,13,0
2380,10,0
2382,10,0
2383,7,0
2384,39,0
2385,23,0
2386,100,0
2387,15,0
2388,7,0
2389,12,0
2390,14,0
2391,13,0
2392,10,0
2394,30,0
2395,80,0
2396,84,0
2397,26,0
2398,21,0
2399,17,0
2400,111,0
2401,10,0
2402,10,0
2403,62,0
2404,52,0
2405,20,0
2406,21,0
2407,43,0
2408,10,0
2409,19,0
2410,119,0
2411,10,0
2412,31,0
2413,31,0
2414,10,0
2415,34,0
2416,3,0
2417,14,0
2418,19,0
2419,145,0
2421,25,0
2422,64,0
2423,20,0
2424,11,0
2425,20,0
2426,13,0
2427,24,0
2428,2,0
2429,10,0
2430,47,0
2431,10,0
2432,10,0
2433,10,0
2434,10,0
2435,53,0
2436,45,0
2437,20,0
2438,5,0
2439,22,0
2440,6,0
2441,10,0
2442,9,0
2443,45,0
2444,26,0
2445,32,0
2446,65,0
2447,20,0
2448,21,0
2449,10,0
2450,9,0
2451,18,0
2452,20,0
2453,31,0
2454,5,0
2455,30,0
2456,46,0
2457,10,0
2458,25,0
2459,49,0
2462,28,0
2463,10,0
2464,29,0
2465,50,0
2466,22,0
2467,12,0
2468,20,0
2469,30,0
2470,10,0
2471,33,0
2472,65,0
2473,30,0
2474,10,0
2475,28,0
2476,10,0
2477,10,0
1675,23,0
1677,37,0
1678,32,0
1679,52,0
1680,10,0
1681,30,0
1682,10,0
1683,7,0
1684,22,0
1685,17,0
1686,20,0
1688,119,0
1689,200,0
1690,10,0
1691,10,0
1692,17,0
1693,51,0
1694,25,0
1695,11,0
1696,14,0
1697,57,0
1698,30,0
1699,1,0
1700,16,0
1701,28,0
1702,76,0
1703,20,0
1704,7,0
1705,10,0
1706,20,0
1707,10,0
1708,10,0
1709,39,0
1710,30,0
1711,60,0
1712,25,0
1713,24,0
1714,40,0
1715,10,0
1716,52,0
1717,19,0
1718,60,0
1719,20,0
1720,20,0
1721,90,0
1722,30,0
1723,50,0
1724,16,0
1725,10,0
1726,40,0
1727,10,0
1728,20,0
1729,14,0
1730,20,0
1731,19,0
1732,30,0
1733,16,0
1734,16,0
1736,5,0
1737,17,0
1738,2,0
1739,19,0
1740,10,0
1741,62,0
1742,15,0
1743,16,0
1744,13,0
1745,75,0
1746,51,0
1747,6,0
1748,80,0
1749,30,0
1750,55,0
1751,5,0
1752,33,0
1753,29,0
1754,40,0
1755,10,0
1756,10,0
1757,52,0
1758,8,0
1759,7,0
1760,50,0
1761,30,0
1763,67,0
1764,12,0
1765,23,0
1766,63,0
1767,522,0
1768,10,0
1769,31,0
1770,5,0
1771,26,0
1772,5,0
1773,31,0
1774,71,0
1775,20,0
1776,60,0
1777,11,0
1778,24,0
1779,6,0
1780,10,0
1781,15,0
1782,33,0
1783,10,0
1784,55,0
1785,38,0
1786,28,0
1787,10,0
1788,10,0
1789,7,0
1790,10,0
1791,40,0
1792,26,0
1793,30,0
1794,33,0
1795,17,0
1796,19,0
1797,34,0
1800,82,0
1801,20,0
1802,50,0
1803,34,0
1804,43,0
1805,10,0
1806,18,0
1807,6,0
1808,7,0
1809,56,0
1810,30,0
1811,9,0
1812,2,0
1813,40,0
1814,5,0
1815,21,0
1816,10,0
1817,40,0
1818,77,0
1819,20,0
1820,3,0
1821,40,0
1822,8,0
1823,7,0
1824,10,0
1825,27,0
1826,60,0
1827,10,0
1828,25,0
1829,6,0
1830,9,0
1831,19,0
1832,8,0
1833,20,0
1834,10,0
1835,10,0
1836,52,0
1838,7,0
1839,22,0
1840,63,0
1841,12,0
1842,26,0
1844,10,0
1845,21,0
1846,11,0
1847,10,0
1848,10,0
1849,10,0
1850,10,0
1851,26,0
1854,12,0
1855,6,0
1856,35,0
1857,60,0
1858,35,0
1859,34,0
1860,10,0
1861,37,0
1863,12,0
1864,50,0
1865,47,0
1867,10,0
1868,30,0
1870,10,0
1871,27,0
1872,10,0
1873,20,0
1874,20,0
1877,12,0
1878,10,0
1879,2227,0
1880,10,0
1881,35,0
1882,30,0
1883,9,0
1884,21,0
1885,31,0
1886,25,0
1887,16,0
1889,7,0
1890,20,0
1891,10,0
1892,16,0
1893,12,0
1894,14,0
1895,44,0
1896,10,0
1897,30,0
1898,34,0
1899,59,0
1900,71,0
1901,44,0
1902,15,0
1903,9,0
1904,15,0
1905,40,0
1906,25,0
1907,10,0
1908,28,0
1909,15,0
1910,10,0
1911,120,0
1912,39,0
1913,60,0
1914,44,0
1915,10,0
1916,10,0
1918,22,0
1919,49,0
1920,10,0
1921,4,0
1922,34,0
1923,10,0
1924,20,0
1925,17,0
1926,10,0
1927,80,0
1928,13,0
1929,10,0
1930,9,0
1931,18,0
1932,15,0
1933,15,0
1934,34,0
1935,25,0
1936,19,0
1937,40,0
1938,35,0
1939,31,0
1940,11,0
1941,20,0
1942,42,0
1943,17,0
1944,18,0
1945,10,0
1946,3,0
1947,6,0
1948,37,0
1949,10,0
1950,28,0
1951,40,0
1953,25,0
1954,10,0
1955,21,0
1956,10,0
1957,66,0
1958,50,0
1959,8,0
1960,10,0
1962,42,0
1963,10,0
1964,20,0
1965,8,0
1966,15,0
1967,33,0
1968,30,0
1969,76,0
1970,35,0
1971,10,0
1972,43,0
1973,48,0
1974,50,0
1975,7,0
1976,19,0
1977,13,0
1978,10,0
1979,10,0
1981,20,0
1982,16,0
1983,11,0
1985,7,0
1986,63,0
1987,51,0
1988,10,0
1989,24,0
1990,60,0
1992,18,0
1993,42,0
1994,17,0
1995,23,0
1996,30,0
1997,22,0
1998,50,0
1999,34,0
2000,16,0
2001,73,0
2002,10,0
2004,18,0
2005,63,0
2006,40,0
2007,7,0
2008,31,0
2009,35,0
2010,28,0
2011,45,0
2012,4,0
2013,26,0
2014,20,0
2015,9,0
2016,99,0
2017,10,0
2018,18,0
2019,27,0
2020,44,0
2021,12,0
2024,22,0
2025,10,0
2027,7,0
2028,29,0
2029,10,0
2030,9,0
2031,15,0
2034,32,0
2035,8,0
2036,80,0
2037,5,0
2038,10,0
2039,29,0
2040,30,0
2041,20,0
2042,40,0
2043,7,0
2044,20,0
2046,11,0
2047,50,0
2048,13,0
2049,7,0
2050,39,0
2051,5,0
2052,28,0
2053,40,0
2054,10,0
2055,30,0
2056,15,0
2057,15,0
2058,30,0
2059,42,0
2060,10,0
2061,15,0
2062,18,0
2063,60,0
2064,30,0
2065,30,0
2066,10,0
2067,28,0
2068,30,0
2069,39,0
2070,10,0
2071,10,0
2072,10,0
2073,123,0
2075,31,0
2076,10,0
2077,10,0
2078,46,0
2079,21,0
2080,10,0
2081,17,0
2082,33,0
2083,10,0
2084,11,0
2085,12,0
2086,59,0
2087,80,0
2088,15,0
2089,30,0
2090,3,0
2091,8,0
2092,24,0
2094,11,0
2095,27,0
2096,40,0
2097,86,0
2098,20,0
2099,4,0
2100,27,0
2101,23,0
2102,10,0
2103,5,0
2104,25,0
2105,5,0
2106,22,0
2107,3,0
2108,81,0
2109,35,0
2110,33,0
2111,9,0
2112,10,0
2113,45,0
2114,9,0
2115,30,0
2116,24,0
2117,40,0
2118,5,0
2119,10,0
2120,30,0
2121,10,0
2122,10,0
2123,8,0
2124,9,0
2125,31,0
2126,6,0
2127,11,0
2128,15,0
2129,28,0
2130,20,0
2131,12,0
2132,12,0
2133,30,0
2135,50,0
2136,18,0
2138,33,0
2140,12,0
2141,44,0
2142,14,0
2143,10,0
2144,10,0
2145,8,0
2146,27,0
2147,11,0
2148,24,0
2149,18,0
2150,16,0
2151,32,0
2152,25,0
2153,10,0
2154,10,0
2155,23,0
2156,19,0
2157,10,0
2158,42,0
2159,15,0
2160,20,0
2161,62,0
2162,10,0
2163,48,0
2164,8,0
2165,20,0
2166,75,0
2167,10,0
2168,10,0
2169,22,0
2170,8,0
2171,10,0
2172,83,0
2173,36,0
2174,13,0
2175,14,0
2176,23,0
2177,20,0
2178,10,0
2179,60,0
2180,22,0
2181,37,0
2182,100,0
2183,113,0
2184,50,0
2185,15,0
2186,13,0
2187,44,0
2188,35,0
2189,5,0
2190,21,0
2191,27,0
2193,14,0
2194,70,0
2195,25,0
2197,14,0
2198,11,0
2199,79,0
2200,69,0
2201,41,0
2202,30,0
2203,20,0
2204,10,0
2206,25,0
2207,25,0
2208,10,0
2209,45,0
2210,10,0
2211,10,0
2213,10,0
2214,18,0
2215,39,0
2217,35,0
2218,10,0
2219,10,0
2220,2,0
2221,25,0
2222,10,0
2223,66,0
2224,24,0
2225,68,0
2226,5,0
2227,3,0
2228,6,0
2229,8,0
2230,10,0
2231,6,0
2232,30,0
1120,10,0
1121,25,0
1122,10,0
1123,17,0
1124,10,0
1125,55,0
1126,10,0
1127,10,0
1128,10,0
1129,10,0
1130,35,0
1131,6,0
1132,40,0
1133,15,0
1134,53,0
1135,20,0
1136,28,0
1137,50,0
1138,80,0
1139,16,0
1140,20,0
1141,113,0
1142,10,0
1143,25,0
1144,31,0
1145,22,0
1146,38,0
1147,22,0
1148,12,0
1149,15,0
1150,6,0
1151,10,0
1152,45,0
1153,30,0
1154,4,0
1155,9,0
1156,10,0
1157,12,0
1158,45,0
1159,204,0
1160,20,0
1161,12,0
1162,10,0
1163,30,0
1164,17,0
1165,34,0
1166,28,0
1167,10,0
1168,47,0
1169,8,0
1170,33,0
1171,15,0
1172,38,0
1173,20,0
1174,60,0
1175,88,0
1176,52,0
1177,11,0
1178,19,0
1180,12,0
1181,74,0
1182,56,0
1183,143,0
1184,29,0
1185,20,0
1186,169,0
1187,3,0
1188,22,0
1189,74,0
1190,30,0
1191,31,0
1192,48,0
1193,11,0
1194,38,0
1195,3,0
1196,10,0
1197,10,0
1198,50,0
1199,48,0
1200,10,0
1201,4,0
1202,15,0
1204,10,0
1205,27,0
1206,16,0
1207,10,0
1208,10,0
1209,22,0
1210,32,0
1211,120,0
1212,58,0
1214,10,0
1215,56,0
1216,10,0
1217,10,0
1218,38,0
1220,68,0
1221,114,0
1222,12,0
1223,6,0
1224,18,0
1225,22,0
1227,10,0
1228,30,0
1229,37,0
1230,8,0
1231,70,0
1234,30,0
1235,10,0
1236,100,0
1237,10,0
1238,35,0
1239,30,0
1240,10,0
1241,10,0
1242,17,0
1243,30,0
1244,39,0
1245,33,0
1246,45,0
1247,68,0
1248,20,0
1249,22,0
1250,73,0
1251,14,0
1252,90,0
1253,28,0
1254,33,0
1257,29,0
1258,111,0
1259,20,0
1260,10,0
1261,4,0
1262,30,0
1263,10,0
1264,15,0
1266,18,0
1267,54,0
1268,40,0
1269,20,0
1270,30,0
1271,22,0
1272,15,0
1273,84,0
1274,30,0
1275,40,0
1276,17,0
1277,9,0
1278,15,0
1279,50,0
1280,16,0
1281,19,0
1282,14,0
1283,21,0
1284,30,0
1286,13,0
1287,7,0
1288,34,0
1290,34,0
1292,10,0
1293,9,0
1294,10,0
1295,41,0
1296,10,0
1297,9,0
1298,22,0
1299,76,0
1300,90,0
1301,10,0
1302,10,0
1303,10,0
1304,8,0
1305,120,0
1306,10,0
1307,9,0
1308,27,0
1309,26,0
1310,26,0
1312,15,0
1313,20,0
1314,16,0
1315,24,0
1316,9,0
1317,12,0
1318,17,0
1319,10,0
1320,18,0
1321,27,0
1322,43,0
1323,11,0
1324,18,0
1325,10,0
1326,10,0
1327,50,0
1328,10,0
1329,20,0
1330,30,0
1331,12,0
1332,10,0
1333,32,0
1334,37,0
1335,30,0
1336,144,0
1337,10,0
1338,32,0
1339,21,0
1340,44,0
1341,16,0
1342,24,0
1343,60,0
1344,20,0
1346,11,0
1347,11,0
1348,32,0
1349,82,0
1351,48,0
1352,35,0
1353,10,0
1354,16,0
1355,10,0
1356,13,0
1357,6,0
1358,10,0
1359,40,0
1361,5,0
1362,14,0
1363,54,0
1364,17,0
1365,10,0
1366,6,0
1367,87,0
1368,5,0
1369,10,0
1370,33,0
1371,30,0
1372,20,0
1373,10,0
1374,20,0
1375,10,0
1376,32,0
1377,41,0
1378,67,0
1379,20,0
1380,39,0
1381,48,0
1382,17,0
1383,17,0
1384,29,0
1385,20,0
1386,23,0
1387,51,0
1388,19,0
1389,57,0
1390,8,0
1391,10,0
1392,23,0
1393,5,0
1395,30,0
1396,19,0
1397,9,0
1399,10,0
1400,50,0
1401,43,0
1402,85,0
1403,10,0
1404,75,0
1405,10,0
1406,10,0
1407,45,0
1408,140,0
1409,16,0
1410,10,0
1411,10,0
1413,6,0
1414,10,0
1415,8,0
1416,23,0
1417,26,0
1418,10,0
1419,6,0
1420,101,0
1421,10,0
1425,11,0
1426,40,0
1427,30,0
1428,31,0
1429,10,0
1430,50,0
1431,46,0
1432,41,0
1433,30,0
1434,28,0
1435,70,0
1436,96,0
1437,19,0
1440,16,0
1441,87,0
1442,70,0
1443,5,0
1444,17,0
1446,10,0
1447,16,0
1448,18,0
1450,19,0
1451,160,0
1452,10,0
1453,263,0
1454,60,0
1456,50,0
1457,25,0
1458,40,0
1459,22,0
1460,12,0
1461,44,0
1462,10,0
1463,8,0
1464,80,0
1465,24,0
1466,10,0
1467,38,0
1468,27,0
1469,5,0
1470,20,0
1471,25,0
1472,7,0
1473,10,0
1476,1,0
1477,10,0
1478,3,0
1479,30,0
1480,48,0
1481,19,0
1482,16,0
1483,44,0
1484,10,0
1485,5,0
1486,49,0
1487,10,0
1488,14,0
1489,5,0
1490,38,0
1491,19,0
1492,10,0
1493,10,0
1495,18,0
1496,10,0
1497,10,0
1498,86,0
1499,35,0
1500,147,0
1501,30,0
1502,30,0
1503,50,0
1504,12,0
1505,20,0
1506,25,0
1507,59,0
1508,5,0
1509,5,0
1510,120,0
1511,16,0
1512,120,0
1513,22,0
1514,7,0
1515,10,0
1517,15,0
1518,148,0
1519,2,0
1520,19,0
1521,53,0
1522,25,0
1523,33,0
1524,26,0
1525,25,0
1526,20,0
1527,11,0
1528,37,0
1529,20,0
1530,8,0
1531,60,0
1532,30,0
1533,29,0
1535,23,0
1536,21,0
1537,31,0
1538,17,0
1539,82,0
1541,12,0
1542,27,0
1543,48,0
1544,10,0
1545,16,0
1546,30,0
1547,20,0
1548,10,0
1549,27,0
1550,10,0
1551,50,0
1552,25,0
1553,17,0
1554,21,0
1555,44,0
1556,11,0
1557,80,0
1558,6,0
1559,36,0
1560,10,0
1561,4,0
1562,15,0
1563,10,0
1564,27,0
1565,14,0
1566,180,0
1567,11,0
1568,52,0
1569,9,0
1570,10,0
1571,19,0
1572,13,0
1573,10,0
1574,10,0
1575,20,0
1576,30,0
1577,7,0
1578,44,0
1579,33,0
1580,10,0
1581,64,0
1582,10,0
1583,78,0
1584,17,0
1585,10,0
1586,7,0
1587,6,0
1588,4961,0
1589,10,0
1590,77,0
1591,20,0
1592,10,0
1593,11,0
1594,10,0
1595,123,0
1596,10,0
1597,9,0
1598,10,0
1599,178,0
1600,10,0
1601,55,0
1602,11,0
1603,53,0
1604,24,0
1605,24,0
1606,25,0
1607,15,0
1608,28,0
1609,13,0
1610,43,0
1611,32,0
1612,30,0
1613,30,0
1614,32,0
1615,4,0
1616,40,0
1617,10,0
1618,20,0
1619,52,0
1621,75,0
1622,10,0
1623,20,0
1624,27,0
1625,10,0
1626,40,0
1627,38,0
1628,4,0
1629,21,0
1630,200,0
1631,10,0
1632,10,0
1633,70,0
1634,18,0
1635,37,0
1636,10,0
1637,6,0
1638,24,0
1639,7,0
1640,10,0
1641,20,0
1642,23,0
1643,8,0
1644,17,0
1645,15,0
1647,20,0
1649,25,0
1650,14,0
1651,12,0
1652,26,0
1653,19,0
1654,20,0
1655,29,0
1656,10,0
1657,18,0
1658,88,0
1659,10,0
1660,20,0
1661,10,0
1662,40,0
1663,15,0
1664,10,0
1665,10,0
1666,65,0
1667,20,0
1668,70,0
1669,58,0
1670,35,0
1671,10,0
1672,50,0
1673,15,0
1674,33,0
558,10,0
560,10,0
561,12,0
562,14,0
563,27,0
564,20,0
566,53,0
567,22,0
568,10,0
569,10,0
570,30,0
571,30,0
572,60,0
573,25,0
574,57,0
578,10,0
579,287,0
580,35,0
581,5,0
582,4,0
583,14,0
584,12,0
585,20,0
586,35,0
587,36,0
588,6,0
589,10,0
590,10,0
591,36,0
592,3,0
593,17,0
594,10,0
595,66,0
596,56,0
597,33,0
598,110,0
599,10,0
600,200,0
601,5,0
602,54,0
603,7,0
604,34,0
605,45,0
606,10,0
607,23,0
608,8,0
609,10,0
610,28,0
611,17,0
612,8,0
613,10,0
614,6,0
615,16,0
616,38,0
617,15,0
618,20,0
619,45,0
620,2,0
621,63,0
622,10,0
623,12,0
624,15,0
625,30,0
627,45,0
628,36,0
629,10,0
630,8,0
631,20,0
632,15,0
633,30,0
635,50,0
636,29,0
637,15,0
638,10,0
639,22,0
640,7,0
641,34,0
642,20,0
643,30,0
644,70,0
645,10,0
646,5,0
647,40,0
648,55,0
649,13,0
650,23,0
651,10,0
652,22,0
653,26,0
655,52,0
656,40,0
657,84,0
658,20,0
659,30,0
660,50,0
661,15,0
662,110,0
663,16,0
665,55,0
666,8,0
667,28,0
668,29,0
669,41,0
671,6,0
672,10,0
673,10,0
674,10,0
675,10,0
676,10,0
677,10,0
678,23,0
679,9,0
680,23,0
681,20,0
682,64,0
683,40,0
684,60,0
685,12,0
686,63,0
687,97,0
688,10,0
690,29,0
691,9,0
692,50,0
693,13,0
695,7,0
696,8,0
697,23,0
698,34,0
699,22,0
700,10,0
701,43,0
702,17,0
703,15,0
704,11,0
705,20,0
708,21,0
709,35,0
710,50,0
711,6,0
712,10,0
713,8,0
714,36,0
715,26,0
716,10,0
717,15,0
718,6,0
719,26,0
720,155,0
721,54,0
722,300,0
723,10,0
724,10,0
725,7,0
726,10,0
727,10,0
728,11,0
729,62,0
730,40,0
731,12,0
732,24,0
733,21,0
734,12,0
735,6,0
736,18,0
737,21,0
738,9,0
739,25,0
740,51,0
741,21,0
742,100,0
743,25,0
744,35,0
745,9,0
747,16,0
748,24,0
749,30,0
750,10,0
751,44,0
752,35,0
753,20,0
754,70,0
755,10,0
756,12,0
757,40,0
758,28,0
759,17,0
760,29,0
761,31,0
762,49,0
763,33,0
764,10,0
765,10,0
766,20,0
767,22,0
768,43,0
769,40,0
770,44,0
771,10,0
772,20,0
773,10,0
774,6,0
775,10,0
776,17,0
777,23,0
778,75,0
779,10,0
780,23,0
781,10,0
782,30,0
783,55,0
784,10,0
785,10,0
786,28,0
787,42,0
788,61,0
789,10,0
790,10,0
791,40,0
792,26,0
793,200,0
794,46,0
795,24,0
796,106,0
797,8,0
798,40,0
799,12,0
800,7,0
801,7,0
802,19,0
804,8,0
805,10,0
806,21,0
807,10,0
808,10,0
810,10,0
811,34,0
812,11,0
813,20,0
815,50,0
816,16,0
817,18,0
818,22,0
819,15,0
820,10,0
821,20,0
822,25,0
823,10,0
824,100,0
825,15,0
826,15,0
827,14,0
828,14,0
829,27,0
830,25,0
831,27,0
832,10,0
833,10,0
834,26,0
835,29,0
836,33,0
837,10,0
838,74,0
839,10,0
841,52,0
842,30,0
843,10,0
844,10,0
845,7,0
846,52,0
847,10,0
848,10,0
850,33,0
851,10,0
852,10,0
853,12,0
854,33,0
855,39,0
856,10,0
857,7,0
858,10,0
859,20,0
860,46,0
862,30,0
863,10,0
864,27,0
865,8,0
866,35,0
867,8,0
868,31,0
869,46,0
870,30,0
871,5,0
872,52,0
873,29,0
874,44,0
875,31,0
876,30,0
877,30,0
878,32,0
879,12,0
880,81,0
881,48,0
882,69,0
883,34,0
884,10,0
885,10,0
887,10,0
888,12,0
890,17,0
891,22,0
892,13,0
893,10,0
894,10,0
895,60,0
896,23,0
898,10,0
899,3,0
900,22,0
901,10,0
902,22,0
903,30,0
904,15,0
905,23,0
906,18,0
907,4,0
908,15,0
909,95,0
910,10,0
911,84,0
912,10,0
914,10,0
915,60,0
916,10,0
917,65,0
918,7,0
919,36,0
920,44,0
921,10,0
923,10,0
924,10,0
925,42,0
926,18,0
927,45,0
928,63,0
929,9,0
930,25,0
931,5,0
932,39,0
933,28,0
934,90,0
935,10,0
936,31,0
937,15,0
938,12,0
939,30,0
940,45,0
941,42,0
943,9,0
944,10,0
945,16,0
946,94,0
947,22,0
948,28,0
949,50,0
950,10,0
951,10,0
952,14,0
953,10,0
954,21,0
956,10,0
957,12,0
958,11,0
959,7,0
960,25,0
961,35,0
962,14,0
963,20,0
964,18,0
965,6,0
966,10,0
967,10,0
968,10,0
970,10,0
971,10,0
972,6,0
973,10,0
974,31,0
975,40,0
976,10,0
977,72,0
978,10,0
979,19,0
980,22,0
981,5,0
982,39,0
983,29,0
984,10,0
986,5,0
987,16,0
988,53,0
989,70,0
990,37,0
991,13,0
992,10,0
993,10,0
994,19,0
995,10,0
996,30,0
998,43,0
999,21,0
1000,5,0
1001,16,0
1002,11,0
1003,61,0
1004,10,0
1006,11,0
1007,34,0
1008,14,0
1011,20,0
1012,23,0
1013,10,0
1014,10,0
1015,10,0
1016,10,0
1017,53,0
1018,10,0
1019,8,0
1020,10,0
1021,30,0
1022,10,0
1023,10,0
1024,16,0
1025,10,0
1026,10,0
1027,26,0
1028,35,0
1029,30,0
1030,17,0
1032,14,0
1033,37,0
1034,12,0
1035,45,0
1037,39,0
1038,60,0
1039,10,0
1040,7,0
1041,17,0
1042,8,0
1043,66,0
1044,42,0
1045,23,0
1046,10,0
1047,5,0
1048,10,0
1050,5,0
1051,32,0
1053,26,0
1054,120,0
1056,6,0
1057,50,0
1058,5,0
1059,24,0
1060,47,0
1061,37,0
1062,20,0
1063,15,0
1064,41,0
1065,22,0
1066,43,0
1067,10,0
1068,39,0
1069,10,0
1070,27,0
1071,5,0
1072,15,0
1073,12,0
1074,66,0
1075,6,0
1076,50,0
1077,33,0
1079,8,0
1080,11,0
1081,25,0
1082,15,0
1083,57,0
1084,28,0
1085,20,0
1086,112,0
1087,10,0
1089,100,0
1090,50,0
1091,19,0
1092,40,0
1093,30,0
1094,22,0
1095,20,0
1096,12,0
1097,6,0
1098,50,0
1099,27,0
1100,45,0
1101,25,0
1102,10,0
1103,20,0
1104,52,0
1105,80,0
1106,19,0
1108,41,0
1109,30,0
1110,15,0
1111,34,0
1112,23,0
1113,26,0
1114,6,0
1115,12,0
1116,10,0
1117,93,0
1119,4,0
3,26,0
4,10,0
5,10,0
6,90,0
7,7,0
9,40,0
10,38,0
11,10,0
12,15,0
13,20,0
14,19,0
15,19,0
16,22,0
17,29,0
18,31,0
19,8,0
20,21,0
21,66,0
22,22,0
23,10,0
24,10,0
25,16,0
26,27,0
27,30,0
28,38,0
29,10,0
30,36,0
31,31,0
32,21,0
33,31,0
34,200,0
36,10,0
37,39,0
38,10,0
39,21,0
40,26,0
41,37,0
42,31,0
43,11,0
44,10,0
45,48,0
46,57,0
47,16,0
48,12,0
49,7,0
50,25,0
51,10,0
52,51,0
53,16,0
54,70,0
55,16,0
56,18,0
57,50,0
58,71,0
59,60,0
60,10,0
61,32,0
62,8,0
63,19,0
64,4,0
65,32,0
66,10,0
67,44,0
68,10,0
69,69,0
70,12,0
71,10,0
72,30,0
73,10,0
74,20,0
75,59,0
76,190,0
77,13,0
78,67,0
79,4,0
80,50,0
81,7,0
82,10,0
83,19,0
84,50,0
85,35,0
86,100,0
87,20,0
88,60,0
89,10,0
90,10,0
91,15,0
92,46,0
93,29,0
94,10,0
95,10,0
96,35,0
97,10,0
98,40,0
99,7,0
100,75,0
101,10,0
102,12,0
103,10,0
104,18,0
105,50,0
106,10,0
107,42,0
108,18,0
109,10,0
110,10,0
111,14,0
112,8,0
113,14,0
116,24,0
117,15,0
118,15,0
119,12,0
120,29,0
121,10,0
122,41,0
123,27,0
124,39,0
125,22,0
127,30,0
128,10,0
129,39,0
130,22,0
131,20,0
132,10,0
133,17,0
134,106,0
135,50,0
136,40,0
137,10,0
138,15,0
139,10,0
140,10,0
141,89,0
144,45,0
146,25,0
147,17,0
148,34,0
150,14,0
151,17,0
152,13,0
153,17,0
154,10,0
155,50,0
156,6,0
157,100,0
158,6,0
159,26,0
160,100,0
161,10,0
162,20,0
163,20,0
164,4,0
165,35,0
166,10,0
167,10,0
168,16,0
169,40,0
170,29,0
171,84,0
172,57,0
173,25,0
174,31,0
175,57,0
176,9,0
177,25,0
178,40,0
179,15,0
180,10,0
181,70,0
182,10,0
183,60,0
184,67,0
185,10,0
186,38,0
187,10,0
188,23,0
189,100,0
190,47,0
191,168,0
192,89,0
193,10,0
194,40,0
195,45,0
198,24,0
199,10,0
200,15,0
201,45,0
202,12,0
203,22,0
204,10,0
205,20,0
206,25,0
207,84,0
208,30,0
209,83,0
210,20,0
211,10,0
212,10,0
213,20,0
214,10,0
215,37,0
216,43,0
217,23,0
218,21,0
219,14,0
220,34,0
221,38,0
1,9,0
2,69,0
222,22,0
224,11,0
225,10,0
226,20,0
227,30,0
228,72,0
229,10,0
230,38,0
231,7,0
232,10,0
233,7,0
234,30,0
235,23,0
236,31,0
237,13,0
238,32,0
239,50,0
240,18,0
241,35,0
242,3,0
243,20,0
244,29,0
245,5,0
246,46,0
247,23,0
248,7,0
249,10,0
250,5,0
251,10,0
252,10,0
253,8,0
254,41,0
255,10,0
256,30,0
257,20,0
258,39,0
259,10,0
260,12,0
261,10,0
262,22,0
263,50,0
264,40,0
265,25,0
266,12,0
267,74,0
268,146,0
269,24,0
270,10,0
271,10,0
272,151,0
273,16,0
274,30,0
275,40,0
277,18,0
278,36,0
279,23,0
280,52,0
281,30,0
283,10,0
284,111,0
285,10,0
286,42,0
287,22,0
288,22,0
289,16,0
290,16,0
291,10,0
292,20,0
294,34,0
295,10,0
296,11,0
297,28,0
298,25,0
299,68,0
300,28,0
301,50,0
302,63,0
303,38,0
304,20,0
305,10,0
306,12,0
307,45,0
308,10,0
309,78,0
310,60,0
311,10,0
312,41,0
313,7,0
314,41,0
315,54,0
316,23,0
317,10,0
318,10,0
319,45,0
320,31,0
321,10,0
322,34,0
323,12,0
324,16,0
325,19,0
326,88,0
327,16,0
328,30,0
329,25,0
330,10,0
332,100,0
333,11,0
334,40,0
335,26,0
336,15,0
337,50,0
338,50,0
339,10,0
340,10,0
341,26,0
342,17,0
343,47,0
344,67,0
346,69,0
347,50,0
348,80,0
349,35,0
350,43,0
351,18,0
352,50,0
353,26,0
354,12,0
356,48,0
357,10,0
358,23,0
359,58,0
360,26,0
361,11,0
364,30,0
365,18,0
366,29,0
367,14,0
368,7,0
369,21,0
370,25,0
372,10,0
374,25,0
375,54,0
376,22,0
377,7,0
378,14,0
379,11,0
380,10,0
381,35,0
382,10,0
383,40,0
384,38,0
385,25,0
386,25,0
387,10,0
388,8,0
389,10,0
390,49,0
391,100,0
392,10,0
393,15,0
394,10,0
395,62,0
396,64,0
397,50,0
398,10,0
399,15,0
400,10,0
402,10,0
403,10,0
404,5,0
405,13,0
406,23,0
408,3,0
409,10,0
410,10,0
411,44,0
412,10,0
413,10,0
414,80,0
415,25,0
416,12,0
417,33,0
418,70,0
420,10,0
421,43,0
422,15,0
423,10,0
424,10,0
425,10,0
426,17,0
427,55,0
428,40,0
429,12,0
430,16,0
431,17,0
432,35,0
433,15,0
434,34,0
435,80,0
436,1,0
437,10,0
438,22,0
439,31,0
440,19,0
441,118,0
442,96,0
443,25,0
444,38,0
445,121,0
446,33,0
447,77,0
449,17,0
450,14,0
451,5,0
452,10,0
453,14,0
454,15,0
455,8,0
456,20,0
457,19,0
459,50,0
460,30,0
461,43,0
462,10,0
463,9,0
464,10,0
465,53,0
466,69,0
468,23,0
469,12,0
470,10,0
471,10,0
472,10,0
473,10,0
474,16,0
475,39,0
476,155,0
477,10,0
478,11,0
479,8,0
480,37,0
481,23,0
482,14,0
483,10,0
484,23,0
485,10,0
486,36,0
487,72,0
488,18,0
489,32,0
490,30,0
491,24,0
492,11,0
493,20,0
495,10,0
496,5,0
497,32,0
498,10,0
499,33,0
500,32,0
501,30,0
502,10,0
503,10,0
504,124,0
506,20,0
507,10,0
508,28,0
509,79,0
511,92,0
512,38,0
513,40,0
514,28,0
515,13,0
516,27,0
517,10,0
518,29,0
519,78,0
520,24,0
521,50,0
522,60,0
523,40,0
524,18,0
525,27,0
526,32,0
527,60,0
528,35,0
529,29,0
530,11,0
531,104,0
532,22,0
533,24,0
534,10,0
535,10,0
536,10,0
537,21,0
538,25,0
539,83,0
540,7,0
541,3,0
542,11,0
543,7,0
544,10,0
545,67,0
546,23,0
547,10,0
548,10,0
549,15,0
550,11,0
551,10,0
552,8,0
553,10,0
554,26,0
555,18,0
556,8,0
