"C_NO","SITE_CONTENT","SITE","PET_YN"
3496,"글램핑시설(5면)",5,"N"
100387,"자동차야영장사이트(11면) 카라반(16면)",27,"N"
7670,"글램핑시설(10면)",10,"Y"
3510,"일반야영장(42면)",42,"N"
7780,"일반야영장(20면)",20,"Y"
3512,"",0,"N"
3511,"일반야영장(10면) 글램핑시설(6면) 카라반(2면)",18,"N"
3518,"자동차야영장사이트(100면)",100,"N"
8108,"카라반(2면)",2,"Y"
3520,"일반야영장(25면)",25,"N"
3521,"글램핑시설(15면)",15,"N"
7233,"일반야영장(20면) 자동차야영장사이트(20면)",40,"Y"
7095,"글램핑시설(10면)",10,"N"
3528,"일반야영장(25면)",25,"N"
3529,"카라반(9면)",9,"N"
100333,"글램핑시설(5면)",5,"Y"
100080,"일반야영장(8면)",8,"N"
7585,"카라반(10면)",10,"Y"
3539,"일반야영장(32면) 자동차야영장사이트(18면)",50,"N"
7873,"글램핑시설(4면)",4,"N"
7268,"",0,"N"
3541,"",0,"N"
3545,"자동차야영장사이트(72면)",72,"N"
7807,"자동차야영장사이트(10면)",10,"Y"
3546,"일반야영장(3면) 글램핑시설(10면)",13,"N"
7255,"",0,"N"
7096,"",0,"N"
100191,"글램핑시설(7면)",7,"Y"
3551,"일반야영장(39면)",39,"N"
7234,"일반야영장(23면)",23,"N"
7848,"자동차야영장사이트(100면)",100,"Y"
100459,"자동차야영장사이트(15면)",15,"N"
3556,"일반야영장(7면)",7,"N"
7751,"글램핑시설(12면)",12,"N"
3568,"일반야영장(14면)",14,"N"
100067,"일반야영장(13면)",13,"Y"
3569,"",0,"N"
7097,"일반야영장(30면)",30,"N"
3575,"자동차야영장사이트(80면)",80,"N"
7954,"일반야영장(33면) 자동차야영장사이트(33면) 개인카라반사이트(18면)",84,"Y"
7098,"일반야영장(26면)",26,"N"
3577,"자동차야영장사이트(18면) 카라반(3면)",21,"Y"
7613,"일반야영장(17면)",17,"Y"
3578,"일반야영장(75면) 자동차야영장사이트(36면)",111,"N"
7202,"",0,"N"
100279,"",0,"Y"
3580,"일반야영장(52면) 자동차야영장사이트(10면)",62,"N"
2696,"일반야영장(52면)",52,"N"
1125,"일반야영장(20면)",20,"Y"
3582,"일반야영장(21면)",21,"N"
7442,"일반야영장(23면) 카라반(20면)",43,"N"
7370,"",0,"N"
101464,"일반야영장(19면)",19,"Y"
3587,"일반야영장(119면)",119,"Y"
873,"",0,"N"
3588,"일반야영장(29면) 카라반(2면)",31,"N"
3589,"일반야영장(28면) 카라반(3면)",31,"N"
7235,"",0,"Y"
100280,"자동차야영장사이트(34면)",34,"Y"
8126,"카라반(3면)",3,"Y"
3597,"일반야영장(14면)",14,"N"
7814,"자동차야영장사이트(12면) 글램핑시설(5면) 카라반(2면)",19,"Y"
3598,"일반야영장(106면) 글램핑시설(37면) 카라반(2면)",145,"N"
8138,"자동차야영장사이트(25면)",25,"Y"
7236,"자동차야영장사이트(64면)",64,"Y"
3601,"글램핑시설(20면)",20,"N"
7099,"일반야영장(11면)",11,"Y"
3602,"카라반(20면)",20,"N"
123,"자동차야영장사이트(13면)",13,"N"
3605,"글램핑시설(24면)",24,"N"
3608,"일반야영장(2면)",2,"N"
3610,"",0,"N"
3611,"자동차야영장사이트(47면)",47,"N"
3612,"",0,"N"
3615,"",0,"N"
3616,"",0,"N"
100420,"",0,"Y"
7608,"일반야영장(50면) 글램핑시설(3면)",53,"N"
7237,"자동차야영장사이트(40면) 글램핑시설(2면) 개인카라반사이트(3면)",45,"N"
3622,"일반야영장(20면)",20,"N"
7832,"일반야영장(5면)",5,"Y"
7100,"일반야영장(5면) 글램핑시설(17면)",22,"Y"
100386,"글램핑시설(6면)",6,"N"
3619,"",0,"N"
3079,"글램핑시설(9면)",9,"N"
3627,"일반야영장(40면) 개인카라반사이트(5면)",45,"N"
3628,"일반야영장(26면)",26,"N"
100113,"자동차야영장사이트(32면)",32,"Y"
3633,"자동차야영장사이트(65면)",65,"N"
3634,"일반야영장(20면)",20,"N"
3636,"글램핑시설(18면) 카라반(3면)",21,"Y"
31,"",0,"N"
7494,"글램핑시설(9면)",9,"N"
1429,"자동차야영장사이트(5면) 글램핑시설(13면)",18,"N"
36,"일반야영장(9면) 글램핑시설(11면)",20,"N"
100376,"글램핑시설(31면)",31,"Y"
37,"글램핑시설(5면)",5,"N"
38,"일반야영장(30면)",30,"N"
42,"자동차야영장사이트(40면) 카라반(6면)",46,"N"
2072,"",0,"Y"
7108,"일반야영장(2면) 글램핑시설(7면) 카라반(16면)",25,"N"
929,"일반야영장(20면) 자동차야영장사이트(29면)",49,"N"
7828,"일반야영장(1면) 글램핑시설(27면)",28,"Y"
7361,"",0,"N"
100442,"자동차야영장사이트(29면)",29,"Y"
7748,"일반야영장(50면)",50,"Y"
6955,"일반야영장(2면) 글램핑시설(17면) 카라반(3면)",22,"Y"
100653,"글램핑시설(12면)",12,"Y"
51,"자동차야영장사이트(20면)",20,"N"
6722,"일반야영장(25면) 개인카라반사이트(5면)",30,"Y"
100460,"글램핑시설(10면)",10,"Y"
8170,"글램핑시설(33면)",33,"Y"
56,"자동차야영장사이트(60면) 글램핑시설(5면)",65,"N"
57,"일반야영장(9면) 자동차야영장사이트(19면) 카라반(2면)",30,"Y"
8036,"",0,"N"
60,"자동차야영장사이트(28면)",28,"N"
100536,"글램핑시설(10면)",10,"Y"
62,"",0,"N"
3487,"자동차야영장사이트(24면)",24,"N"
482,"일반야영장(16면) 글램핑시설(11면)",27,"Y"
337,"일반야영장(52면) 개인카라반사이트(5면)",57,"N"
342,"일반야영장(2면) 자동차야영장사이트(2면) 카라반(5면)",9,"N"
343,"일반야영장(25면)",25,"N"
344,"일반야영장(40면)",40,"N"
100215,"일반야영장(11면) 카라반(4면)",15,"N"
7879,"일반야영장(10면)",10,"N"
349,"일반야영장(50면) 글램핑시설(5면) 카라반(15면)",70,"N"
350,"",0,"N"
353,"일반야영장(30면) 자동차야영장사이트(30면)",60,"N"
6742,"자동차야영장사이트(67면)",67,"N"
355,"",0,"N"
356,"일반야영장(12면) 글램핑시설(16면) 카라반(10면)",38,"N"
357,"",0,"N"
358,"일반야영장(15면) 자동차야영장사이트(8면)",23,"N"
360,"자동차야영장사이트(100면)",100,"N"
361,"일반야영장(47면)",47,"N"
362,"일반야영장(80면) 자동차야영장사이트(75면) 카라반(13면)",168,"N"
7118,"일반야영장(80면) 글램핑시설(8면) 카라반(1면)",89,"N"
367,"",0,"N"
370,"일반야영장(40면)",40,"N"
373,"개인카라반사이트(45면)",45,"N"
378,"자동차야영장사이트(24면)",24,"N"
6743,"",0,"N"
100138,"글램핑시설(15면)",15,"Y"
382,"일반야영장(25면) 자동차야영장사이트(20면)",45,"N"
383,"일반야영장(12면)",12,"Y"
384,"일반야영장(7면) 자동차야영장사이트(15면)",22,"N"
385,"",0,"N"
387,"일반야영장(20면)",20,"N"
389,"일반야영장(25면)",25,"N"
390,"일반야영장(53면) 자동차야영장사이트(31면)",84,"N"
392,"일반야영장(30면)",30,"N"
7119,"일반야영장(83면)",83,"N"
394,"자동차야영장사이트(20면)",20,"N"
395,"",0,"N"
7314,"",0,"N"
398,"일반야영장(20면)",20,"N"
399,"",0,"N"
400,"일반야영장(37면)",37,"N"
6959,"자동차야영장사이트(43면)",43,"Y"
401,"일반야영장(23면)",23,"N"
402,"일반야영장(21면)",21,"N"
403,"일반야영장(14면)",14,"N"
405,"일반야영장(34면)",34,"N"
408,"일반야영장(38면)",38,"N"
7883,"일반야영장(16면) 글램핑시설(6면)",22,"Y"
420,"글램핑시설(11면)",11,"N"
7287,"",0,"N"
7120,"일반야영장(20면)",20,"Y"
7918,"일반야영장(30면)",30,"Y"
101248,"일반야영장(30면) 자동차야영장사이트(40면) 덤프스테이션(2기)",72,"Y"
425,"",0,"N"
426,"일반야영장(38면)",38,"N"
427,"카라반(7면)",7,"N"
7559,"글램핑시설(10면)",10,"Y"
8053,"글램핑시설(7면)",7,"Y"
428,"자동차야영장사이트(30면)",30,"N"
100155,"일반야영장(11면) 카라반(12면)",23,"Y"
434,"일반야영장(30면) 덤프스테이션(1기)",31,"N"
100210,"일반야영장(13면)",13,"N"
6744,"일반야영장(32면)",32,"N"
6745,"일반야영장(25면) 자동차야영장사이트(25면)",50,"N"
8211,"자동차야영장사이트(18면)",18,"N"
438,"일반야영장(35면)",35,"Y"
439,"카라반(3면)",3,"N"
7759,"자동차야영장사이트(10면) 카라반(10면)",20,"Y"
100221,"일반야영장(21면) 카라반(4면) 개인카라반사이트(4면)",29,"N"
440,"글램핑시설(5면)",5,"N"
441,"글램핑시설(44면) 카라반(2면)",46,"N"
100201,"글램핑시설(23면)",23,"Y"
100288,"글램핑시설(7면)",7,"Y"
7471,"",0,"N"
442,"글램핑시설(5면)",5,"N"
7531,"",0,"N"
448,"",0,"N"
449,"글램핑시설(4면) 카라반(4면)",8,"N"
100821,"일반야영장(14면) 글램핑시설(17면) 카라반(10면)",41,"N"
8062,"자동차야영장사이트(10면)",10,"Y"
454,"일반야영장(30면)",30,"N"
3003,"일반야영장(20면)",20,"N"
7629,"자동차야영장사이트(39면)",39,"Y"
456,"",0,"N"
7121,"일반야영장(12면)",12,"N"
462,"",0,"N"
465,"일반야영장(22면)",22,"N"
6748,"일반야영장(50면)",50,"Y"
468,"자동차야영장사이트(40면)",40,"N"
404,"일반야영장(24면) 카라반(1면)",25,"Y"
100472,"자동차야영장사이트(12면)",12,"Y"
471,"자동차야영장사이트(74면)",74,"N"
475,"일반야영장(73면) 자동차야영장사이트(73면)",146,"N"
477,"일반야영장(21면) 글램핑시설(3면)",24,"N"
480,"",0,"N"
483,"",0,"N"
484,"일반야영장(151면)",151,"Y"
7756,"자동차야영장사이트(16면)",16,"N"
492,"일반야영장(30면)",30,"N"
500,"일반야영장(40면)",40,"N"
503,"일반야영장(18면)",18,"N"
7571,"일반야영장(25면) 자동차야영장사이트(11면)",36,"N"
100218,"자동차야영장사이트(12면) 개인카라반사이트(11면)",23,"Y"
504,"자동차야영장사이트(52면)",52,"Y"
100217,"자동차야영장사이트(30면)",30,"Y"
507,"",0,"N"
2216,"자동차야영장사이트(70면) 글램핑시설(38면) 카라반(3면)",111,"N"
7402,"일반야영장(10면)",10,"N"
510,"자동차야영장사이트(42면)",42,"N"
7584,"일반야영장(8면) 자동차야영장사이트(14면)",22,"N"
512,"일반야영장(22면)",22,"N"
7505,"일반야영장(9면) 카라반(7면)",16,"N"
6963,"일반야영장(9면) 카라반(7면)",16,"N"
7122,"",0,"N"
521,"일반야영장(20면)",20,"N"
522,"일반야영장(34면)",34,"Y"
7647,"일반야영장(10면)",10,"N"
7815,"자동차야영장사이트(11면)",11,"Y"
100544,"일반야영장(28면)",28,"Y"
526,"일반야영장(25면)",25,"N"
527,"일반야영장(68면)",68,"N"
528,"자동차야영장사이트(28면)",28,"Y"
529,"일반야영장(50면)",50,"N"
530,"자동차야영장사이트(55면) 글램핑시설(8면)",63,"N"
532,"자동차야영장사이트(27면) 글램핑시설(11면)",38,"N"
533,"일반야영장(20면)",20,"Y"
7403,"",0,"N"
535,"일반야영장(12면)",12,"N"
7520,"일반야영장(45면)",45,"N"
538,"",0,"N"
540,"자동차야영장사이트(78면)",78,"Y"
543,"자동차야영장사이트(60면)",60,"Y"
548,"",0,"N"
100274,"자동차야영장사이트(41면)",41,"Y"
6753,"글램핑시설(7면)",7,"N"
8019,"자동차야영장사이트(41면)",41,"Y"
549,"자동차야영장사이트(37면) 카라반(17면)",54,"Y"
550,"일반야영장(11면) 카라반(12면)",23,"Y"
7101,"",0,"N"
555,"",0,"N"
563,"일반야영장(45면)",45,"N"
564,"자동차야영장사이트(31면)",31,"N"
6965,"",0,"N"
565,"일반야영장(34면)",34,"N"
100625,"카라반(11면) 개인카라반사이트(1면)",12,"N"
1306,"글램핑시설(10면) 카라반(6면)",16,"N"
2350,"글램핑시설(12면) 카라반(7면)",19,"Y"
100247,"일반야영장(30면) 자동차야영장사이트(36면) 개인카라반사이트(22면)",88,"Y"
100538,"일반야영장(15면) 카라반(1면)",16,"N"
100075,"일반야영장(15면) 카라반(15면)",30,"N"
100367,"일반야영장(25면)",25,"Y"
8195,"",0,"Y"
575,"일반야영장(50면) 자동차야영장사이트(50면)",100,"N"
576,"자동차야영장사이트(5면) 글램핑시설(3면) 카라반(3면)",11,"N"
8183,"자동차야영장사이트(40면)",40,"Y"
8141,"자동차야영장사이트(26면)",26,"Y"
7830,"일반야영장(15면)",15,"Y"
7543,"일반야영장(50면)",50,"Y"
7385,"일반야영장(50면)",50,"N"
578,"일반야영장(10면)",10,"N"
582,"",0,"N"
584,"일반야영장(26면)",26,"N"
6754,"글램핑시설(17면)",17,"N"
7124,"일반야영장(47면)",47,"Y"
588,"일반야영장(67면)",67,"N"
591,"일반야영장(69면)",69,"N"
7840,"일반야영장(30면) 자동차야영장사이트(20면)",50,"Y"
597,"일반야영장(80면)",80,"N"
598,"일반야영장(35면)",35,"N"
4,"일반야영장(2면) 글램핑시설(22면) 카라반(2면)",26,"N"
6942,"",0,"N"
100197,"",0,"N"
6944,"일반야영장(40면) 자동차야영장사이트(40면) 개인카라반사이트(10면)",90,"N"
7991,"카라반(7면)",7,"Y"
10,"카라반(40면)",40,"N"
11,"일반야영장(38면)",38,"Y"
12,"",0,"N"
100011,"카라반(15면)",15,"N"
18,"글램핑시설(20면)",20,"N"
21,"일반야영장(9면) 카라반(10면)",19,"N"
7106,"카라반(19면)",19,"N"
28,"일반야영장(22면)",22,"N"
100322,"일반야영장(22면) 글램핑시설(7면)",29,"Y"
29,"일반야영장(14면) 자동차야영장사이트(10면) 글램핑시설(7면)",31,"N"
7107,"개인카라반사이트(8면)",8,"N"
7920,"일반야영장(21면)",21,"Y"
100289,"자동차야영장사이트(66면)",66,"Y"
69,"자동차야영장사이트(22면)",22,"N"
7363,"",0,"N"
70,"",0,"Y"
7786,"글램핑시설(9면)",9,"Y"
7932,"일반야영장(30면) 글램핑시설(16면) 카라반(3면) 개인카라반사이트(20면)",69,"N"
7864,"글램핑시설(16면)",16,"Y"
71,"일반야영장(21면) 글램핑시설(2면) 개인카라반사이트(4면)",27,"Y"
100090,"일반야영장(30면)",30,"Y"
73,"일반야영장(38면)",38,"N"
7389,"",0,"N"
7109,"일반야영장(26면) 카라반(10면)",36,"Y"
75,"자동차야영장사이트(31면)",31,"N"
8160,"일반야영장(21면)",21,"Y"
76,"글램핑시설(26면) 카라반(5면)",31,"N"
77,"일반야영장(200면)",200,"N"
6723,"일반야영장(7면) 카라반(3면)",10,"N"
80,"자동차야영장사이트(39면)",39,"Y"
81,"",0,"N"
7783,"일반야영장(21면)",21,"N"
6724,"자동차야영장사이트(26면)",26,"N"
7790,"일반야영장(29면) 글램핑시설(8면)",37,"Y"
100007,"자동차야영장사이트(31면)",31,"Y"
85,"일반야영장(5면) 카라반(6면)",11,"N"
86,"일반야영장(10면)",10,"N"
7110,"일반야영장(42면) 카라반(6면)",48,"Y"
90,"일반야영장(30면) 자동차야영장사이트(25면) 글램핑시설(2면)",57,"N"
95,"일반야영장(8면) 자동차야영장사이트(8면)",16,"N"
100509,"카라반(12면)",12,"Y"
100157,"자동차야영장사이트(3면) 글램핑시설(2면) 카라반(2면)",7,"Y"
7111,"일반야영장(25면)",25,"N"
103,"일반야영장(10면)",10,"N"
7112,"일반야영장(22면) 자동차야영장사이트(7면) 글램핑시설(22면)",51,"N"
101463,"일반야영장(3면) 글램핑시설(2면) 카라반(11면)",16,"Y"
7213,"일반야영장(35면) 자동차야영장사이트(35면)",70,"N"
7820,"글램핑시설(16면)",16,"N"
100626,"일반야영장(15면) 카라반(3면)",18,"Y"
7983,"일반야영장(50면)",50,"Y"
102,"일반야영장(25면) 자동차야영장사이트(23면) 개인카라반사이트(23면)",71,"N"
7229,"일반야영장(30면) 자동차야영장사이트(30면)",60,"Y"
7113,"",0,"N"
100202,"일반야영장(8면) 글램핑시설(24면)",32,"N"
7114,"카라반(8면)",8,"N"
7926,"카라반(19면)",19,"Y"
121,"글램핑시설(4면)",4,"N"
100411,"일반야영장(12면) 자동차야영장사이트(20면)",32,"N"
124,"",0,"N"
6953,"자동차야영장사이트(40면) 카라반(4면)",44,"N"
127,"",0,"N"
7353,"일반야영장(69면)",69,"N"
129,"일반야영장(12면)",12,"N"
7406,"",0,"N"
7589,"자동차야영장사이트(30면)",30,"N"
131,"",0,"N"
132,"일반야영장(20면)",20,"N"
137,"일반야영장(59면)",59,"N"
138,"자동차야영장사이트(190면)",190,"N"
7977,"일반야영장(13면)",13,"N"
141,"일반야영장(67면)",67,"N"
7915,"카라반(4면)",4,"Y"
142,"일반야영장(50면)",50,"Y"
7616,"카라반(7면)",7,"Y"
100237,"글램핑시설(10면)",10,"N"
146,"자동차야영장사이트(14면) 글램핑시설(5면)",19,"N"
148,"일반야영장(50면)",50,"Y"
154,"일반야영장(35면)",35,"N"
157,"일반야영장(100면)",100,"N"
163,"글램핑시설(20면)",20,"N"
165,"일반야영장(60면)",60,"N"
7348,"",0,"N"
7352,"",0,"N"
168,"일반야영장(15면)",15,"N"
167,"일반야영장(30면) 글램핑시설(16면)",46,"N"
8182,"일반야영장(29면)",29,"Y"
170,"",0,"N"
8052,"일반야영장(10면)",10,"Y"
173,"일반야영장(35면)",35,"N"
7754,"자동차야영장사이트(10면)",10,"Y"
222,"카라반(40면)",40,"N"
8029,"카라반(7면)",7,"N"
175,"일반야영장(30면) 자동차야영장사이트(30면) 글램핑시설(15면)",75,"N"
176,"자동차야영장사이트(10면)",10,"N"
100130,"일반야영장(7면) 글램핑시설(5면)",12,"Y"
179,"",0,"N"
180,"일반야영장(18면)",18,"Y"
7115,"일반야영장(25면) 자동차야영장사이트(25면)",50,"N"
7405,"",0,"Y"
6731,"일반야영장(40면) 글램핑시설(2면)",42,"N"
190,"일반야영장(18면)",18,"N"
193,"",0,"N"
198,"",0,"N"
6732,"일반야영장(14면)",14,"N"
7976,"글램핑시설(8면)",8,"Y"
199,"글램핑시설(14면)",14,"N"
100338,"일반야영장(24면)",24,"Y"
100228,"일반야영장(15면)",15,"N"
100206,"자동차야영장사이트(15면)",15,"N"
100040,"자동차야영장사이트(6면) 글램핑시설(6면)",12,"N"
214,"자동차야영장사이트(12면) 글램핑시설(17면)",29,"N"
7466,"",0,"N"
221,"자동차야영장사이트(41면)",41,"N"
6733,"카라반(27면)",27,"N"
225,"자동차야영장사이트(39면)",39,"N"
7800,"자동차야영장사이트(12면) 글램핑시설(5면) 카라반(5면)",22,"Y"
7116,"일반야영장(15면) 자동차야영장사이트(15면)",30,"N"
231,"",0,"N"
232,"글램핑시설(39면)",39,"N"
233,"자동차야영장사이트(22면)",22,"N"
236,"일반야영장(20면)",20,"N"
237,"",0,"N"
238,"일반야영장(17면)",17,"N"
240,"자동차야영장사이트(106면)",106,"Y"
244,"일반야영장(50면)",50,"N"
245,"글램핑시설(30면) 카라반(10면)",40,"N"
100463,"자동차야영장사이트(10면)",10,"Y"
247,"일반야영장(15면)",15,"N"
6736,"",0,"N"
7530,"일반야영장(10면)",10,"N"
260,"자동차야영장사이트(81면) 카라반(8면)",89,"N"
269,"자동차야영장사이트(45면)",45,"N"
7969,"일반야영장(25면)",25,"Y"
277,"일반야영장(17면)",17,"N"
7528,"자동차야영장사이트(25면) 글램핑시설(9면)",34,"N"
284,"자동차야영장사이트(14면)",14,"Y"
100633,"일반야영장(7면) 자동차야영장사이트(9면) 글램핑시설(1면)",17,"Y"
289,"글램핑시설(13면)",13,"N"
7117,"일반야영장(17면)",17,"Y"
8049,"",0,"N"
6740,"일반야영장(50면)",50,"Y"
299,"일반야영장(6면)",6,"N"
301,"일반야영장(100면)",100,"Y"
100254,"일반야영장(6면)",6,"Y"
306,"일반야영장(16면) 카라반(10면)",26,"N"
6956,"일반야영장(100면)",100,"Y"
309,"",0,"N"
313,"일반야영장(20면)",20,"Y"
315,"일반야영장(20면)",20,"N"
316,"개인카라반사이트(4면)",4,"N"
100209,"자동차야영장사이트(25면) 카라반(10면)",35,"N"
7424,"",0,"N"
320,"",0,"N"
7988,"자동차야영장사이트(16면)",16,"Y"
328,"자동차야영장사이트(40면)",40,"N"
329,"자동차야영장사이트(23면) 개인카라반사이트(6면)",29,"N"
331,"일반야영장(42면) 자동차야영장사이트(42면)",84,"N"
333,"일반야영장(38면) 자동차야영장사이트(19면)",57,"N"
7603,"카라반(25면)",25,"N"
7249,"자동차야영장사이트(21면) 카라반(10면)",31,"N"
100361,"일반야영장(36면)",36,"Y"
100246,"글램핑시설(13면)",13,"N"
7664,"자동차야영장사이트(14면)",14,"Y"
3231,"일반야영장(23면)",23,"N"
8125,"자동차야영장사이트(20면)",20,"Y"
3232,"",0,"N"
3233,"자동차야영장사이트(60면)",60,"Y"
8196,"일반야영장(22면)",22,"Y"
6811,"자동차야영장사이트(37면)",37,"N"
7083,"일반야영장(100면)",100,"N"
7254,"일반야영장(30면) 자동차야영장사이트(40면) 글램핑시설(6면) 카라반(28면) 개인카라반사이트(9면)",113,"N"
7570,"자동차야영장사이트(50면)",50,"Y"
3254,"일반야영장(15면)",15,"Y"
3252,"글램핑시설(6면) 카라반(7면)",13,"N"
8198,"자동차야영장사이트(44면)",44,"Y"
3253,"일반야영장(35면)",35,"N"
3251,"카라반(5면)",5,"N"
100388,"자동차야영장사이트(21면)",21,"Y"
100307,"일반야영장(21면) 카라반(1면) 개인카라반사이트(5면)",27,"Y"
7224,"카라반(7면) 개인카라반사이트(7면)",14,"N"
3262,"자동차야영장사이트(70면)",70,"Y"
3263,"일반야영장(25면)",25,"N"
100334,"카라반(14면)",14,"Y"
3270,"글램핑시설(11면)",11,"N"
3271,"자동차야영장사이트(79면)",79,"Y"
3072,"일반야영장(12면) 자동차야영장사이트(37면) 글램핑시설(20면)",69,"N"
3275,"일반야영장(41면)",41,"N"
7084,"일반야영장(30면)",30,"N"
3278,"글램핑시설(15면) 카라반(5면)",20,"N"
3279,"글램핑시설(10면)",10,"N"
3287,"일반야영장(25면)",25,"N"
8200,"자동차야영장사이트(25면)",25,"N"
7778,"",0,"N"
3289,"일반야영장(45면)",45,"Y"
3292,"글램핑시설(10면)",10,"N"
3293,"글램핑시설(10면)",10,"N"
7085,"",0,"N"
3298,"자동차야영장사이트(18면)",18,"N"
7626,"자동차야영장사이트(38면) 개인카라반사이트(1면)",39,"N"
3307,"일반야영장(35면)",35,"N"
7643,"글램핑시설(7면) 카라반(3면)",10,"Y"
7906,"",0,"N"
100635,"카라반(2면)",2,"Y"
7595,"일반야영장(16면) 글램핑시설(9면)",25,"Y"
3314,"",0,"N"
3316,"일반야영장(60면) 글램핑시설(6면)",66,"N"
7861,"자동차야영장사이트(24면)",24,"Y"
3317,"일반야영장(68면)",68,"N"
7087,"글램핑시설(5면)",5,"N"
7631,"카라반(3면)",3,"Y"
3319,"일반야영장(3면) 글램핑시설(3면)",6,"N"
3320,"일반야영장(8면)",8,"Y"
3323,"일반야영장(9면) 카라반(1면)",10,"N"
3324,"글램핑시설(6면)",6,"N"
7227,"글램핑시설(30면)",30,"N"
3329,"일반야영장(14면) 자동차야영장사이트(30면) 글램핑시설(1면) 카라반(3면)",48,"N"
100359,"글램핑시설(12면)",12,"Y"
7088,"일반야영장(25면)",25,"Y"
3330,"일반야영장(15면)",15,"Y"
7732,"글램핑시설(15면)",15,"N"
3333,"일반야영장(5면) 자동차야영장사이트(40면)",45,"Y"
8060,"자동차야영장사이트(14면)",14,"N"
7735,"일반야영장(20면)",20,"N"
7862,"자동차야영장사이트(13면)",13,"Y"
7228,"일반야영장(42면)",42,"N"
3339,"일반야영장(40면)",40,"N"
3340,"일반야영장(26면)",26,"N"
7438,"",0,"N"
7230,"일반야영장(20면) 자동차야영장사이트(20면)",40,"N"
100062,"카라반(6면)",6,"Y"
3344,"",0,"N"
3345,"일반야영장(15면) 글램핑시설(5면) 개인카라반사이트(20면)",40,"Y"
3346,"글램핑시설(10면)",10,"N"
3347,"",0,"N"
3348,"일반야영장(61면)",61,"N"
628,"글램핑시설(11면)",11,"N"
3350,"글램핑시설(30면)",30,"N"
3351,"글램핑시설(28면)",28,"N"
3352,"",0,"N"
3353,"자동차야영장사이트(20면) 글램핑시설(7면)",27,"N"
7646,"일반야영장(14면)",14,"N"
6948,"",0,"N"
3357,"",0,"N"
100332,"자동차야영장사이트(14면)",14,"N"
3358,"일반야영장(13면)",13,"N"
3361,"일반야영장(42면)",42,"Y"
100621,"",0,"Y"
7737,"자동차야영장사이트(27면)",27,"Y"
3369,"일반야영장(30면)",30,"N"
3370,"자동차야영장사이트(29면) 개인카라반사이트(5면)",34,"N"
3373,"",0,"N"
7601,"",0,"N"
3375,"",0,"N"
100636,"카라반(8면)",8,"Y"
3376,"자동차야영장사이트(31면)",31,"N"
7962,"카라반(13면)",13,"Y"
3383,"",0,"N"
3384,"일반야영장(30면)",30,"N"
3386,"일반야영장(40면) 글램핑시설(16면)",56,"N"
3389,"자동차야영장사이트(86면) 카라반(9면) 개인카라반사이트(6면)",101,"N"
3391,"일반야영장(50면)",50,"N"
3394,"자동차야영장사이트(86면) 개인카라반사이트(8면)",94,"N"
3392,"일반야영장(22면) 글램핑시설(10면) 카라반(15면)",47,"N"
7846,"카라반(4면) 개인카라반사이트(24면)",28,"Y"
3395,"",0,"N"
3397,"일반야영장(150면) 글램핑시설(5면)",155,"N"
3408,"일반야영장(67면)",67,"N"
1930,"일반야영장(132면) 자동차야영장사이트(30면) 글램핑시설(5면) 카라반(3면)",170,"Y"
3409,"일반야영장(15면)",15,"Y"
7811,"일반야영장(6면)",6,"N"
3412,"일반야영장(6면) 자동차야영장사이트(6면) 글램핑시설(23면)",35,"N"
100285,"자동차야영장사이트(14면)",14,"N"
8004,"일반야영장(15면)",15,"Y"
3415,"",0,"N"
7409,"",0,"N"
3417,"일반야영장(34면) 글램핑시설(2면)",36,"N"
3419,"자동차야영장사이트(70면)",70,"N"
3421,"자동차야영장사이트(15면) 카라반(4면)",19,"N"
3423,"자동차야영장사이트(105면) 카라반(58면)",163,"N"
7970,"일반야영장(12면)",12,"Y"
3428,"자동차야영장사이트(40면)",40,"N"
3429,"자동차야영장사이트(48면)",48,"N"
7777,"일반야영장(14면)",14,"N"
3431,"자동차야영장사이트(28면) 개인카라반사이트(12면)",40,"N"
8045,"자동차야영장사이트(24면)",24,"N"
3434,"개인카라반사이트(21면)",21,"N"
7251,"자동차야영장사이트(15면)",15,"N"
3436,"일반야영장(200면)",200,"N"
3442,"",0,"N"
7499,"",0,"N"
8181,"일반야영장(1면) 카라반(2면)",3,"Y"
3443,"글램핑시설(14면) 카라반(5면)",19,"N"
3444,"일반야영장(24면)",24,"N"
3440,"글램핑시설(19면)",19,"N"
7435,"",0,"Y"
3485,"",0,"N"
3445,"",0,"N"
100294,"자동차야영장사이트(25면)",25,"Y"
7486,"일반야영장(14면)",14,"N"
7091,"",0,"N"
3450,"자동차야영장사이트(29면)",29,"N"
7092,"",0,"N"
100639,"자동차야영장사이트(40면) 카라반(6면)",46,"Y"
7907,"자동차야영장사이트(15면) 덤프스테이션(1기)",16,"Y"
100631,"일반야영장(29면)",29,"Y"
3457,"일반야영장(40면)",40,"Y"
3458,"일반야영장(31면) 자동차야영장사이트(2면)",33,"Y"
3461,"일반야영장(25면)",25,"Y"
8158,"",0,"N"
3465,"일반야영장(40면)",40,"Y"
7580,"일반야영장(23면) 글램핑시설(9면) 카라반(7면)",39,"Y"
7316,"일반야영장(30면)",30,"N"
3498,"일반야영장(8면)",8,"N"
8047,"일반야영장(6면)",6,"N"
3466,"자동차야영장사이트(19면)",19,"N"
7544,"일반야영장(20면)",20,"N"
3471,"일반야영장(27면) 자동차야영장사이트(21면)",48,"N"
8148,"자동차야영장사이트(16면)",16,"Y"
3472,"자동차야영장사이트(35면)",35,"N"
3476,"일반야영장(32면) 카라반(4면)",36,"N"
3478,"",0,"N"
7093,"",0,"N"
3481,"일반야영장(50면)",50,"N"
3482,"일반야영장(12면)",12,"N"
3484,"일반야영장(24면) 글램핑시설(4면)",28,"N"
7789,"일반야영장(5면)",5,"Y"
3486,"글램핑시설(7면) 카라반(8면)",15,"N"
7210,"일반야영장(20면) 카라반(3면)",23,"Y"
2982,"일반야영장(30면)",30,"N"
2786,"자동차야영장사이트(22면)",22,"N"
2985,"자동차야영장사이트(50면)",50,"N"
2987,"자동차야영장사이트(10면) 글램핑시설(24면)",34,"N"
7925,"자동차야영장사이트(15면) 글램핑시설(1면)",16,"N"
2990,"일반야영장(28면) 글램핑시설(45면)",73,"N"
2991,"",0,"N"
2992,"자동차야영장사이트(18면)",18,"N"
2997,"자동차야영장사이트(60면) 카라반(3면)",63,"N"
2999,"일반야영장(40면)",40,"N"
7565,"글램핑시설(5면) 카라반(2면)",7,"N"
3002,"자동차야영장사이트(24면) 글램핑시설(7면)",31,"N"
3004,"자동차야영장사이트(31면) 글램핑시설(4면)",35,"N"
3005,"카라반(28면)",28,"N"
3010,"자동차야영장사이트(45면)",45,"N"
7066,"일반야영장(4면)",4,"Y"
7067,"자동차야영장사이트(26면)",26,"N"
3013,"자동차야영장사이트(20면)",20,"N"
3014,"일반야영장(9면)",9,"Y"
3016,"일반야영장(99면)",99,"N"
7068,"글램핑시설(10면)",10,"N"
7651,"자동차야영장사이트(18면)",18,"Y"
7672,"일반야영장(20면) 카라반(7면)",27,"Y"
3021,"일반야영장(44면)",44,"N"
3022,"일반야영장(12면)",12,"N"
3028,"카라반(22면)",22,"N"
3030,"카라반(10면)",10,"N"
7766,"글램핑시설(7면)",7,"Y"
100073,"자동차야영장사이트(29면)",29,"Y"
3033,"",0,"N"
3034,"카라반(9면)",9,"N"
3035,"일반야영장(13면) 글램핑시설(2면)",15,"N"
100293,"일반야영장(16면) 자동차야영장사이트(16면)",32,"Y"
3042,"카라반(8면)",8,"N"
7069,"일반야영장(49면) 자동차야영장사이트(31면)",80,"Y"
100318,"카라반(5면)",5,"N"
6848,"카라반(10면)",10,"N"
100111,"자동차야영장사이트(29면)",29,"Y"
100480,"일반야영장(30면)",30,"N"
8044,"일반야영장(20면)",20,"Y"
8058,"자동차야영장사이트(40면)",40,"Y"
100634,"일반야영장(7면)",7,"Y"
100441,"일반야영장(20면)",20,"Y"
3049,"글램핑시설(11면)",11,"N"
3050,"일반야영장(40면) 글램핑시설(10면)",50,"N"
8123,"일반야영장(13면)",13,"Y"
3055,"카라반(7면)",7,"Y"
100401,"일반야영장(23면) 자동차야영장사이트(16면)",39,"Y"
100595,"글램핑시설(5면)",5,"N"
6947,"글램핑시설(28면)",28,"N"
100120,"자동차야영장사이트(40면)",40,"Y"
7901,"",0,"Y"
100547,"자동차야영장사이트(30면)",30,"Y"
3059,"글램핑시설(9면) 카라반(6면)",15,"N"
7212,"자동차야영장사이트(15면)",15,"Y"
3046,"자동차야영장사이트(30면)",30,"N"
3064,"일반야영장(21면) 자동차야영장사이트(21면)",42,"N"
3067,"",0,"N"
100094,"자동차야영장사이트(15면)",15,"Y"
100380,"일반야영장(18면)",18,"Y"
100540,"일반야영장(40면) 글램핑시설(20면)",60,"Y"
7998,"일반야영장(30면)",30,"Y"
8121,"글램핑시설(30면)",30,"N"
7443,"",0,"N"
7214,"일반야영장(21면) 글램핑시설(7면)",28,"N"
7105,"자동차야영장사이트(30면)",30,"N"
3083,"자동차야영장사이트(34면) 글램핑시설(5면)",39,"N"
8176,"",0,"Y"
3084,"",0,"N"
3085,"",0,"N"
100298,"일반야영장(63면) 자동차야영장사이트(60면)",123,"Y"
1057,"일반야영장(15면) 글램핑시설(16면)",31,"N"
3092,"",0,"N"
7411,"",0,"N"
7793,"일반야영장(46면)",46,"N"
8106,"일반야영장(21면)",21,"N"
3097,"글램핑시설(10면)",10,"N"
3098,"일반야영장(17면)",17,"Y"
3099,"일반야영장(11면) 자동차야영장사이트(11면) 글램핑시설(11면)",33,"N"
3100,"",0,"N"
8001,"글램핑시설(11면)",11,"N"
7869,"카라반(12면)",12,"Y"
3107,"일반야영장(59면)",59,"N"
7071,"일반야영장(40면) 자동차야영장사이트(40면)",80,"N"
160,"글램핑시설(15면)",15,"Y"
3109,"자동차야영장사이트(30면)",30,"N"
3111,"글램핑시설(3면)",3,"Y"
7794,"일반야영장(8면)",8,"Y"
3112,"글램핑시설(24면)",24,"N"
3115,"글램핑시설(11면)",11,"N"
3116,"글램핑시설(25면) 카라반(2면)",27,"N"
3117,"자동차야영장사이트(40면)",40,"Y"
3120,"일반야영장(45면) 자동차야영장사이트(31면) 카라반(10면)",86,"N"
2014,"일반야영장(20면)",20,"Y"
100618,"일반야영장(4면)",4,"N"
7072,"글램핑시설(12면) 카라반(15면)",27,"N"
8072,"자동차야영장사이트(23면)",23,"N"
101097,"",0,"Y"
100017,"카라반(5면)",5,"Y"
3126,"일반야영장(25면)",25,"N"
3127,"글램핑시설(5면)",5,"N"
7744,"글램핑시설(22면)",22,"Y"
100615,"자동차야영장사이트(3면)",3,"Y"
3139,"일반야영장(81면)",81,"Y"
3140,"자동차야영장사이트(32면) 카라반(3면)",35,"Y"
3144,"일반야영장(21면) 자동차야영장사이트(12면)",33,"N"
3147,"카라반(9면)",9,"N"
3148,"",0,"N"
3150,"일반야영장(45면)",45,"N"
7774,"글램핑시설(9면)",9,"Y"
7648,"일반야영장(11면) 자동차야영장사이트(16면) 카라반(3면)",30,"Y"
7216,"일반야영장(7면) 자동차야영장사이트(6면) 글램핑시설(9면) 카라반(1면) 개인카라반사이트(1면)",24,"N"
3157,"일반야영장(40면)",40,"N"
7074,"글램핑시설(5면)",5,"N"
7441,"",0,"N"
3160,"일반야영장(30면)",30,"N"
3162,"카라반(10면)",10,"N"
3163,"",0,"N"
3164,"자동차야영장사이트(8면)",8,"N"
7248,"글램핑시설(9면)",9,"N"
7075,"자동차야영장사이트(31면)",31,"N"
3167,"카라반(6면)",6,"N"
2913,"자동차야영장사이트(11면)",11,"Y"
7563,"일반야영장(13면) 카라반(2면)",15,"Y"
3168,"일반야영장(28면)",28,"Y"
8010,"일반야영장(20면)",20,"Y"
3169,"자동차야영장사이트(5면) 카라반(7면)",12,"N"
7217,"글램핑시설(12면)",12,"N"
3170,"자동차야영장사이트(30면)",30,"Y"
3175,"카라반(50면)",50,"N"
7630,"일반야영장(18면)",18,"Y"
100542,"일반야영장(3면) 카라반(30면)",33,"Y"
8154,"글램핑시설(12면)",12,"Y"
7104,"자동차야영장사이트(44면)",44,"Y"
7078,"일반야영장(4면) 글램핑시설(10면)",14,"N"
7410,"",0,"N"
3184,"",0,"N"
7218,"글램핑시설(8면)",8,"N"
3186,"자동차야영장사이트(6면) 글램핑시설(17면) 카라반(4면)",27,"Y"
7079,"자동차야영장사이트(11면)",11,"N"
7219,"자동차야영장사이트(24면)",24,"Y"
100164,"자동차야영장사이트(18면)",18,"N"
7526,"자동차야영장사이트(16면)",16,"Y"
100000,"일반야영장(31면) 개인카라반사이트(1면)",32,"Y"
3199,"일반야영장(15면) 글램핑시설(10면)",25,"N"
444,"",0,"N"
3201,"글램핑시설(10면)",10,"N"
3202,"일반야영장(17면) 카라반(6면)",23,"N"
3203,"일반야영장(19면)",19,"N"
3205,"",0,"N"
3206,"일반야영장(42면)",42,"N"
7943,"일반야영장(15면)",15,"Y"
3209,"일반야영장(20면)",20,"N"
3210,"자동차야영장사이트(62면)",62,"N"
7080,"",0,"N"
3213,"일반야영장(24면) 자동차야영장사이트(24면)",48,"N"
7761,"글램핑시설(8면)",8,"N"
7562,"자동차야영장사이트(10면) 글램핑시설(10면)",20,"Y"
100355,"자동차야영장사이트(70면) 카라반(5면)",75,"Y"
3219,"",0,"N"
780,"",0,"N"
7220,"일반야영장(11면) 자동차야영장사이트(11면)",22,"Y"
3227,"카라반(8면)",8,"N"
3229,"일반야영장(10면)",10,"N"
100363,"일반야영장(41면) 자동차야영장사이트(42면)",83,"Y"
7540,"자동차야영장사이트(56면)",56,"Y"
2685,"자동차야영장사이트(30면)",30,"N"
2686,"카라반(9면)",9,"N"
2688,"카라반(2면)",2,"N"
2692,"자동차야영장사이트(40면)",40,"N"
2695,"일반야영장(5면)",5,"N"
2697,"일반야영장(21면)",21,"N"
7412,"",0,"N"
2701,"일반야영장(40면)",40,"N"
2703,"일반야영장(37면) 자동차야영장사이트(31면) 글램핑시설(6면) 카라반(3면)",77,"N"
2704,"자동차야영장사이트(20면)",20,"Y"
7597,"글램핑시설(3면)",3,"N"
7207,"일반야영장(40면)",40,"N"
6983,"글램핑시설(8면)",8,"N"
7047,"글램핑시설(7면)",7,"Y"
2709,"",0,"N"
100311,"일반야영장(4면) 자동차야영장사이트(21면) 글램핑시설(2면)",27,"Y"
2717,"일반야영장(50면) 개인카라반사이트(10면)",60,"N"
2719,"글램핑시설(10면)",10,"N"
2720,"자동차야영장사이트(25면)",25,"N"
2729,"카라반(6면)",6,"N"
2730,"카라반(9면)",9,"N"
7049,"자동차야영장사이트(19면)",19,"Y"
7050,"글램핑시설(8면)",8,"N"
2732,"일반야영장(20면)",20,"N"
2733,"일반야영장(10면)",10,"N"
2735,"",0,"N"
8027,"일반야영장(6면) 자동차야영장사이트(32면) 카라반(14면)",52,"Y"
100317,"글램핑시설(7면)",7,"Y"
1648,"글램핑시설(3면) 카라반(19면)",22,"N"
2739,"일반야영장(63면)",63,"N"
8046,"일반야영장(12면)",12,"N"
7052,"일반야영장(26면)",26,"N"
7934,"카라반(10면)",10,"Y"
2750,"글램핑시설(21면)",21,"N"
2751,"자동차야영장사이트(11면)",11,"N"
7805,"글램핑시설(10면)",10,"Y"
7053,"",0,"N"
7273,"",0,"N"
2755,"",0,"N"
2758,"자동차야영장사이트(10면) 글램핑시설(16면)",26,"N"
125,"일반야영장(12면)",12,"N"
7972,"글램핑시설(3면) 카라반(3면)",6,"Y"
2764,"일반야영장(7면) 자동차야영장사이트(28면)",35,"N"
2765,"자동차야영장사이트(60면)",60,"N"
2766,"일반야영장(35면)",35,"N"
7208,"일반야영장(14면) 글램핑시설(8면) 개인카라반사이트(12면)",34,"Y"
7209,"일반야영장(10면)",10,"N"
2771,"일반야영장(37면)",37,"N"
100286,"글램핑시설(12면)",12,"Y"
7140,"일반야영장(44면) 개인카라반사이트(6면)",50,"N"
2778,"일반야영장(47면)",47,"N"
2782,"",0,"N"
2783,"일반야영장(30면)",30,"N"
7309,"",0,"N"
2793,"일반야영장(17면) 자동차야영장사이트(10면)",27,"Y"
2794,"",0,"N"
100510,"일반야영장(14면) 자동차야영장사이트(6면)",20,"Y"
2800,"일반야영장(20면)",20,"N"
2808,"일반야영장(12면)",12,"N"
7057,"",0,"N"
8008,"자동차야영장사이트(2211면) 글램핑시설(16면)",2227,"Y"
100487,"",0,"Y"
2809,"자동차야영장사이트(35면)",35,"N"
2811,"일반야영장(30면)",30,"N"
8022,"자동차야영장사이트(9면)",9,"Y"
2812,"일반야영장(21면)",21,"N"
2813,"자동차야영장사이트(31면)",31,"N"
2815,"일반야영장(25면)",25,"N"
100308,"카라반(16면)",16,"Y"
2820,"개인카라반사이트(7면)",7,"N"
2822,"일반야영장(20면)",20,"Y"
100469,"",0,"Y"
2823,"일반야영장(16면)",16,"Y"
7538,"일반야영장(12면)",12,"N"
2825,"자동차야영장사이트(14면)",14,"N"
8175,"일반야영장(44면)",44,"N"
2828,"일반야영장(30면)",30,"N"
2280,"일반야영장(34면)",34,"N"
2830,"일반야영장(46면) 자동차야영장사이트(13면)",59,"N"
2833,"일반야영장(65면) 덤프스테이션(6기)",71,"Y"
100271,"자동차야영장사이트(44면)",44,"N"
7058,"일반야영장(13면) 카라반(2면)",15,"N"
7738,"일반야영장(9면)",9,"N"
7855,"일반야영장(15면)",15,"N"
2842,"일반야영장(40면)",40,"N"
2843,"일반야영장(20면) 카라반(5면)",25,"N"
59,"",0,"Y"
8055,"일반야영장(28면)",28,"Y"
2848,"일반야영장(15면)",15,"Y"
7489,"",0,"N"
2851,"일반야영장(120면)",120,"N"
2854,"자동차야영장사이트(39면)",39,"N"
2856,"일반야영장(30면) 자동차야영장사이트(30면)",60,"Y"
2857,"일반야영장(44면)",44,"Y"
2860,"일반야영장(10면)",10,"Y"
2861,"",0,"N"
2865,"일반야영장(22면)",22,"N"
7896,"일반야영장(20면) 자동차야영장사이트(13면) 글램핑시설(14면) 카라반(2면)",49,"Y"
7271,"",0,"N"
2867,"일반야영장(4면)",4,"Y"
7967,"일반야영장(12면) 자동차야영장사이트(22면)",34,"N"
100049,"자동차야영장사이트(10면)",10,"Y"
100114,"글램핑시설(20면)",20,"Y"
2873,"일반야영장(17면)",17,"Y"
2877,"",0,"N"
2876,"일반야영장(5면) 자동차야영장사이트(60면) 카라반(15면)",80,"N"
100249,"일반야영장(3면) 글램핑시설(10면)",13,"N"
7061,"",0,"N"
7717,"일반야영장(9면)",9,"Y"
2879,"일반야영장(10면) 카라반(8면)",18,"N"
2880,"일반야영장(15면)",15,"N"
2881,"카라반(15면)",15,"N"
2882,"일반야영장(34면)",34,"N"
92,"일반야영장(18면) 글램핑시설(7면)",25,"N"
100276,"자동차야영장사이트(15면) 카라반(4면)",19,"Y"
2885,"자동차야영장사이트(40면)",40,"Y"
2896,"자동차야영장사이트(35면)",35,"N"
100400,"자동차야영장사이트(31면)",31,"Y"
7551,"일반야영장(8면) 글램핑시설(3면)",11,"Y"
2891,"일반야영장(20면)",20,"N"
2892,"자동차야영장사이트(42면)",42,"N"
2894,"일반야영장(10면) 자동차야영장사이트(3면) 카라반(4면)",17,"Y"
2895,"일반야영장(18면)",18,"N"
7044,"",0,"N"
2903,"카라반(3면)",3,"N"
2904,"카라반(6면)",6,"N"
2905,"일반야영장(37면)",37,"N"
2907,"",0,"N"
6946,"자동차야영장사이트(28면)",28,"N"
2911,"자동차야영장사이트(40면)",40,"N"
2915,"일반야영장(20면) 자동차야영장사이트(5면)",25,"N"
2917,"",0,"N"
2920,"일반야영장(21면)",21,"Y"
7849,"자동차야영장사이트(10면)",10,"Y"
7812,"자동차야영장사이트(52면) 글램핑시설(14면)",66,"Y"
2928,"일반야영장(50면)",50,"Y"
7816,"일반야영장(8면)",8,"Y"
2929,"",0,"N"
2931,"자동차야영장사이트(42면)",42,"N"
3012,"",0,"N"
626,"자동차야영장사이트(10면) 글램핑시설(10면)",20,"N"
2933,"자동차야영장사이트(5면) 카라반(3면)",8,"N"
2934,"일반야영장(15면)",15,"Y"
2935,"일반야영장(33면)",33,"N"
2936,"일반야영장(30면)",30,"N"
2937,"카라반(20면) 개인카라반사이트(56면)",76,"N"
7558,"자동차야영장사이트(35면)",35,"Y"
7292,"",0,"Y"
2939,"일반야영장(43면)",43,"N"
2940,"일반야영장(48면)",48,"Y"
2941,"일반야영장(30면) 자동차야영장사이트(20면)",50,"Y"
2944,"일반야영장(7면)",7,"Y"
8159,"일반야영장(12면) 자동차야영장사이트(7면)",19,"Y"
7871,"글램핑시설(13면)",13,"N"
7519,"일반야영장(10면)",10,"Y"
2954,"",0,"N"
8020,"자동차야영장사이트(20면)",20,"N"
2956,"자동차야영장사이트(4면) 카라반(12면)",16,"N"
2958,"일반야영장(1면) 글램핑시설(10면)",11,"N"
100269,"일반야영장(7면)",7,"Y"
2963,"일반야영장(47면) 글램핑시설(16면)",63,"N"
2965,"일반야영장(16면) 자동차야영장사이트(35면)",51,"N"
7065,"",0,"N"
2966,"일반야영장(24면)",24,"N"
2968,"일반야영장(60면)",60,"N"
2974,"일반야영장(18면)",18,"N"
2975,"일반야영장(10면) 자동차야영장사이트(32면)",42,"N"
2977,"일반야영장(17면)",17,"N"
2411,"자동차야영장사이트(37면)",37,"N"
7497,"",0,"N"
2412,"일반야영장(6면)",6,"Y"
7033,"자동차야영장사이트(24면)",24,"N"
7602,"일반야영장(5면) 글램핑시설(2면)",7,"Y"
2413,"",0,"N"
2415,"일반야영장(20면)",20,"N"
100405,"일반야영장(23면)",23,"Y"
8082,"자동차야영장사이트(8면)",8,"Y"
100153,"일반야영장(17면)",17,"N"
100003,"일반야영장(15면)",15,"Y"
2420,"글램핑시설(20면)",20,"N"
8031,"일반야영장(25면)",25,"Y"
7621,"글램핑시설(14면)",14,"Y"
100020,"일반야영장(10면) 글램핑시설(2면)",12,"N"
7192,"일반야영장(20면) 글램핑시설(6면)",26,"N"
100458,"자동차야영장사이트(19면)",19,"N"
2436,"일반야영장(18면) 카라반(2면)",20,"Y"
100151,"자동차야영장사이트(23면) 글램핑시설(6면)",29,"Y"
2440,"",0,"N"
100539,"자동차야영장사이트(18면)",18,"Y"
7929,"자동차야영장사이트(68면) 글램핑시설(20면)",88,"N"
2444,"",0,"N"
2445,"일반야영장(20면)",20,"N"
2450,"",0,"N"
100372,"일반야영장(40면)",40,"Y"
7734,"일반야영장(15면)",15,"Y"
2455,"",0,"N"
7318,"",0,"N"
2458,"일반야영장(53면) 글램핑시설(4면) 카라반(4면) 개인카라반사이트(4면)",65,"N"
1143,"일반야영장(20면)",20,"N"
2459,"일반야영장(70면)",70,"N"
2460,"일반야영장(58면)",58,"N"
7035,"일반야영장(35면)",35,"N"
7408,"",0,"N"
2464,"일반야영장(50면)",50,"Y"
100295,"자동차야영장사이트(14면) 카라반(1면)",15,"Y"
7728,"일반야영장(18면) 자동차야영장사이트(15면)",33,"Y"
7966,"자동차야영장사이트(23면)",23,"Y"
100602,"자동차야영장사이트(37면)",37,"Y"
7036,"일반야영장(32면)",32,"Y"
2480,"자동차야영장사이트(32면) 글램핑시설(20면)",52,"N"
8155,"",0,"N"
8023,"자동차야영장사이트(30면)",30,"Y"
2482,"",0,"N"
2483,"글램핑시설(7면)",7,"N"
7037,"자동차야영장사이트(22면)",22,"Y"
100042,"자동차야영장사이트(15면) 글램핑시설(2면)",17,"Y"
2485,"자동차야영장사이트(20면)",20,"N"
2488,"자동차야영장사이트(119면)",119,"N"
2489,"일반야영장(200면)",200,"N"
2490,"",0,"N"
2494,"",0,"N"
100058,"일반야영장(17면)",17,"Y"
2492,"자동차야영장사이트(51면)",51,"Y"
7060,"일반야영장(25면)",25,"N"
2498,"일반야영장(11면)",11,"N"
2499,"일반야영장(14면)",14,"N"
2500,"자동차야영장사이트(57면)",57,"Y"
7675,"일반야영장(30면)",30,"Y"
100290,"덤프스테이션(1기)",1,"Y"
100629,"일반야영장(16면)",16,"Y"
2503,"자동차야영장사이트(28면)",28,"N"
7256,"일반야영장(38면) 자동차야영장사이트(38면)",76,"Y"
2505,"글램핑시설(20면)",20,"Y"
2506,"글램핑시설(7면)",7,"N"
7194,"일반야영장(10면)",10,"N"
7195,"일반야영장(10면) 자동차야영장사이트(10면)",20,"Y"
7638,"자동차야영장사이트(10면)",10,"Y"
2519,"",0,"N"
2521,"일반야영장(9면) 자동차야영장사이트(30면)",39,"N"
2522,"일반야영장(30면)",30,"Y"
100475,"자동차야영장사이트(60면)",60,"Y"
100236,"자동차야영장사이트(25면)",25,"Y"
7784,"자동차야영장사이트(19면) 개인카라반사이트(5면)",24,"N"
2524,"일반야영장(40면)",40,"N"
2525,"",0,"N"
7196,"카라반(21면) 개인카라반사이트(31면)",52,"N"
2529,"일반야영장(19면)",19,"Y"
7039,"일반야영장(60면)",60,"Y"
2533,"자동차야영장사이트(20면)",20,"N"
2534,"일반야영장(20면)",20,"N"
7197,"일반야영장(45면) 자동차야영장사이트(45면)",90,"Y"
7198,"일반야영장(30면)",30,"N"
7809,"일반야영장(50면)",50,"N"
8068,"자동차야영장사이트(16면)",16,"N"
100088,"자동차야영장사이트(10면)",10,"Y"
7854,"일반야영장(40면)",40,"Y"
100406,"",0,"N"
101218,"일반야영장(20면)",20,"N"
2541,"일반야영장(14면)",14,"N"
2543,"일반야영장(20면)",20,"Y"
100675,"일반야영장(19면)",19,"Y"
100196,"일반야영장(30면)",30,"Y"
7040,"자동차야영장사이트(16면)",16,"Y"
8146,"자동차야영장사이트(16면)",16,"N"
7201,"글램핑시설(5면)",5,"N"
16,"글램핑시설(17면)",17,"N"
2554,"카라반(2면)",2,"N"
2555,"일반야영장(8면) 자동차야영장사이트(6면) 글램핑시설(5면)",19,"Y"
7482,"",0,"N"
2560,"일반야영장(18면) 자동차야영장사이트(18면) 글램핑시설(26면)",62,"N"
100105,"글램핑시설(15면)",15,"Y"
7763,"일반야영장(16면)",16,"N"
2562,"일반야영장(13면)",13,"Y"
2563,"자동차야영장사이트(75면)",75,"N"
7936,"자동차야영장사이트(51면)",51,"N"
7788,"일반야영장(6면)",6,"N"
2561,"일반야영장(67면) 글램핑시설(13면)",80,"N"
100462,"글램핑시설(30면)",30,"Y"
2571,"자동차야영장사이트(55면)",55,"N"
7779,"글램핑시설(5면)",5,"N"
2579,"일반야영장(30면) 카라반(3면)",33,"N"
2573,"자동차야영장사이트(29면)",29,"Y"
2581,"일반야영장(40면)",40,"N"
7304,"",0,"N"
8025,"",0,"N"
100144,"자동차야영장사이트(38면) 카라반(14면)",52,"Y"
100512,"글램핑시설(8면)",8,"N"
100260,"글램핑시설(7면)",7,"Y"
2586,"자동차야영장사이트(50면)",50,"N"
2587,"자동차야영장사이트(30면)",30,"N"
2610,"일반야영장(24면) 자동차야영장사이트(24면) 글램핑시설(8면) 카라반(11면)",67,"N"
7043,"자동차야영장사이트(12면)",12,"N"
2614,"일반야영장(23면)",23,"Y"
7845,"일반야영장(30면) 자동차야영장사이트(30면) 카라반(3면)",63,"N"
2616,"일반야영장(191면) 자동차야영장사이트(191면) 카라반(40면) 개인카라반사이트(100면)",522,"N"
7598,"카라반(10면)",10,"Y"
7953,"일반야영장(8면) 자동차야영장사이트(23면)",31,"N"
2619,"자동차야영장사이트(5면)",5,"N"
7719,"일반야영장(26면)",26,"Y"
100187,"카라반(5면)",5,"Y"
2621,"자동차야영장사이트(31면)",31,"Y"
2622,"일반야영장(67면) 카라반(4면)",71,"N"
2623,"자동차야영장사이트(20면)",20,"N"
2624,"일반야영장(60면)",60,"Y"
7727,"일반야영장(3면) 글램핑시설(8면)",11,"N"
2625,"일반야영장(24면)",24,"N"
7843,"글램핑시설(2면) 카라반(4면)",6,"Y"
2627,"",0,"N"
2628,"일반야영장(10면) 자동차야영장사이트(5면)",15,"N"
100613,"일반야영장(33면)",33,"N"
2630,"",0,"N"
2632,"일반야영장(30면) 글램핑시설(25면)",55,"N"
2633,"일반야영장(38면)",38,"N"
100033,"일반야영장(28면)",28,"N"
7322,"",0,"N"
2641,"",0,"N"
7729,"일반야영장(7면)",7,"N"
100407,"",0,"N"
7731,"자동차야영장사이트(40면)",40,"Y"
7311,"일반야영장(26면)",26,"N"
2651,"일반야영장(26면) 글램핑시설(4면)",30,"N"
2652,"일반야영장(33면)",33,"N"
7796,"일반야영장(17면)",17,"N"
2659,"자동차야영장사이트(19면)",19,"N"
7205,"일반야영장(34면)",34,"N"
7300,"일반야영장(78면) 글램핑시설(4면)",82,"N"
2670,"일반야영장(20면)",20,"N"
2671,"자동차야영장사이트(50면)",50,"Y"
7710,"자동차야영장사이트(34면)",34,"Y"
2672,"일반야영장(17면) 자동차야영장사이트(17면) 카라반(9면)",43,"Y"
100216,"",0,"N"
7500,"일반야영장(18면)",18,"N"
100616,"자동차야영장사이트(4면) 카라반(2면)",6,"Y"
8128,"일반야영장(1면) 글램핑시설(6면)",7,"N"
7180,"일반야영장(40면) 자동차야영장사이트(40면)",80,"N"
7765,"일반야영장(24면)",24,"Y"
2142,"",0,"N"
2143,"일반야영장(38면)",38,"N"
7709,"글램핑시설(27면)",27,"N"
7775,"카라반(5면)",5,"Y"
7599,"일반야영장(20면)",20,"N"
100091,"일반야영장(25면)",25,"Y"
7181,"일반야영장(2면) 카라반(5면)",7,"N"
2146,"",0,"N"
7542,"일반야영장(1면)",1,"Y"
2149,"",0,"N"
2153,"글램핑시설(3면)",3,"N"
2154,"자동차야영장사이트(30면)",30,"N"
2155,"일반야영장(10면) 자동차야영장사이트(38면)",48,"N"
2156,"글램핑시설(19면)",19,"N"
100072,"일반야영장(16면)",16,"Y"
2538,"일반야영장(20면) 자동차야영장사이트(10면) 글램핑시설(14면)",44,"N"
7019,"일반야영장(10면)",10,"Y"
2164,"글램핑시설(5면)",5,"N"
100150,"자동차야영장사이트(49면)",49,"Y"
100404,"",0,"N"
2166,"글램핑시설(9면) 카라반(5면)",14,"N"
100296,"카라반(5면)",5,"Y"
2167,"일반야영장(28면) 카라반(10면)",38,"N"
7742,"자동차야영장사이트(15면) 카라반(4면)",19,"N"
2168,"글램핑시설(10면)",10,"N"
7270,"",0,"N"
100453,"자동차야영장사이트(18면)",18,"N"
2177,"",0,"N"
2178,"",0,"N"
2179,"일반야영장(86면)",86,"Y"
2181,"일반야영장(30면) 글램핑시설(5면)",35,"N"
2185,"일반야영장(122면) 자동차야영장사이트(25면)",147,"N"
7182,"일반야영장(30면)",30,"N"
2191,"일반야영장(30면)",30,"Y"
8042,"자동차야영장사이트(36면) 카라반(14면)",50,"Y"
6856,"일반야영장(12면)",12,"N"
7764,"일반야영장(10면) 글램핑시설(10면)",20,"Y"
6857,"자동차야영장사이트(25면)",25,"N"
7826,"일반야영장(59면)",59,"N"
2199,"글램핑시설(5면)",5,"N"
8209,"카라반(5면)",5,"Y"
2200,"자동차야영장사이트(100면) 카라반(20면)",120,"N"
7390,"일반야영장(16면)",16,"Y"
7857,"일반야영장(120면)",120,"Y"
2207,"일반야영장(22면)",22,"N"
7772,"일반야영장(7면)",7,"N"
2210,"",0,"N"
2213,"일반야영장(15면)",15,"N"
2217,"일반야영장(110면) 자동차야영장사이트(13면) 카라반(25면)",148,"N"
7707,"카라반(2면)",2,"N"
2218,"일반야영장(19면)",19,"Y"
2220,"자동차야영장사이트(53면)",53,"N"
7706,"글램핑시설(25면)",25,"N"
7693,"일반야영장(33면)",33,"Y"
2222,"일반야영장(26면)",26,"Y"
2224,"일반야영장(25면)",25,"N"
7665,"일반야영장(20면)",20,"N"
2228,"글램핑시설(11면)",11,"N"
2230,"자동차야영장사이트(37면)",37,"N"
100179,"일반야영장(14면) 자동차야영장사이트(6면)",20,"Y"
2232,"글램핑시설(5면) 카라반(3면)",8,"N"
1503,"자동차야영장사이트(50면) 카라반(10면)",60,"Y"
7884,"일반야영장(26면) 자동차야영장사이트(4면)",30,"Y"
2233,"일반야영장(29면)",29,"N"
101405,"일반야영장(21면) 개인카라반사이트(2면)",23,"N"
2235,"일반야영장(15면) 자동차야영장사이트(6면)",21,"N"
2236,"일반야영장(31면)",31,"Y"
7973,"일반야영장(17면)",17,"Y"
2243,"일반야영장(60면) 카라반(22면)",82,"N"
2249,"글램핑시설(12면)",12,"N"
8011,"글램핑시설(27면)",27,"Y"
2253,"일반야영장(46면) 글램핑시설(2면)",48,"Y"
2254,"",0,"N"
100171,"일반야영장(16면)",16,"Y"
1255,"일반야영장(15면) 자동차야영장사이트(15면)",30,"N"
2257,"일반야영장(20면)",20,"N"
7368,"",0,"N"
2263,"자동차야영장사이트(27면)",27,"N"
2260,"",0,"N"
2262,"일반야영장(50면)",50,"N"
2264,"일반야영장(25면)",25,"N"
2266,"자동차야영장사이트(17면)",17,"Y"
2269,"자동차야영장사이트(16면) 개인카라반사이트(5면)",21,"N"
2272,"자동차야영장사이트(44면)",44,"N"
2278,"글램핑시설(11면)",11,"N"
2282,"일반야영장(80면)",80,"N"
100617,"글램핑시설(6면)",6,"Y"
2285,"일반야영장(8면) 카라반(28면)",36,"N"
7024,"",0,"N"
3477,"일반야영장(4면)",4,"N"
8180,"일반야영장(15면)",15,"Y"
2300,"",0,"N"
7655,"글램핑시설(27면)",27,"Y"
100335,"자동차야영장사이트(14면)",14,"Y"
2304,"자동차야영장사이트(170면) 카라반(10면)",180,"N"
7634,"카라반(11면)",11,"Y"
100198,"일반야영장(31면) 자동차야영장사이트(21면)",52,"Y"
7749,"자동차야영장사이트(9면)",9,"Y"
2309,"일반야영장(3면) 글램핑시설(2면) 카라반(5면)",10,"N"
6862,"카라반(19면)",19,"N"
2312,"글램핑시설(13면)",13,"N"
2313,"글램핑시설(10면)",10,"N"
2314,"글램핑시설(10면)",10,"N"
2315,"일반야영장(20면)",20,"Y"
7581,"일반야영장(15면) 글램핑시설(15면)",30,"Y"
7645,"일반야영장(4면) 글램핑시설(3면)",7,"Y"
100496,"일반야영장(44면)",44,"Y"
2321,"자동차야영장사이트(33면)",33,"N"
2326,"",0,"N"
2327,"일반야영장(64면)",64,"N"
7431,"",0,"N"
7987,"일반야영장(50면) 자동차야영장사이트(28면)",78,"Y"
100316,"자동차야영장사이트(15면) 개인카라반사이트(2면)",17,"Y"
2329,"",0,"N"
2331,"글램핑시설(7면)",7,"N"
100375,"일반야영장(6면)",6,"Y"
7185,"일반야영장(1652면) 자동차야영장사이트(1652면) 글램핑시설(1면) 카라반(4면) 개인카라반사이트(1652면)",4961,"Y"
7186,"일반야영장(10면)",10,"N"
100424,"일반야영장(59면) 글램핑시설(10면) 카라반(8면)",77,"Y"
2341,"일반야영장(18면) 개인카라반사이트(2면)",20,"Y"
6864,"",0,"N"
2345,"일반야영장(11면)",11,"Y"
7025,"",0,"N"
7026,"일반야영장(100면) 자동차야영장사이트(18면) 개인카라반사이트(5면)",123,"N"
7523,"",0,"N"
7561,"카라반(9면)",9,"Y"
2349,"글램핑시설(10면)",10,"N"
2351,"일반야영장(80면) 자동차야영장사이트(80면) 글램핑시설(18면)",178,"N"
7187,"",0,"N"
2355,"자동차야영장사이트(55면)",55,"N"
2013,"글램핑시설(11면)",11,"N"
2358,"일반야영장(20면) 글램핑시설(10면) 카라반(23면)",53,"N"
100377,"일반야영장(24면)",24,"Y"
2359,"카라반(24면)",24,"N"
7661,"일반야영장(25면)",25,"Y"
2361,"일반야영장(15면)",15,"N"
7889,"일반야영장(7면) 자동차야영장사이트(7면) 개인카라반사이트(14면)",28,"N"
7591,"일반야영장(13면)",13,"N"
2363,"일반야영장(39면) 글램핑시설(4면)",43,"N"
2364,"자동차야영장사이트(32면)",32,"Y"
3174,"일반야영장(30면)",30,"Y"
2365,"일반야영장(30면)",30,"N"
2367,"자동차야영장사이트(30면) 카라반(2면)",32,"N"
7568,"자동차야영장사이트(1면) 카라반(3면)",4,"N"
2372,"일반야영장(40면)",40,"N"
2373,"",0,"N"
2377,"일반야영장(20면)",20,"N"
2378,"일반야영장(46면) 글램핑시설(6면)",52,"Y"
2381,"일반야영장(75면)",75,"N"
7839,"일반야영장(10면)",10,"Y"
7636,"일반야영장(20면)",20,"Y"
7188,"일반야영장(6면) 자동차야영장사이트(6면) 글램핑시설(15면)",27,"Y"
7365,"",0,"N"
2393,"자동차야영장사이트(40면)",40,"N"
2422,"자동차야영장사이트(38면)",38,"N"
2394,"카라반(4면)",4,"N"
767,"일반야영장(3면) 글램핑시설(8면) 카라반(10면)",21,"N"
2399,"일반야영장(100면) 자동차야영장사이트(100면)",200,"N"
7029,"",0,"N"
7030,"",0,"N"
7191,"일반야영장(70면)",70,"N"
7032,"자동차야영장사이트(18면)",18,"N"
1846,"글램핑시설(16면)",16,"N"
1849,"자동차야영장사이트(19면)",19,"N"
1853,"자동차야영장사이트(14면)",14,"Y"
1854,"글램핑시설(21면)",21,"Y"
1857,"자동차야영장사이트(30면)",30,"Y"
7912,"글램핑시설(13면)",13,"Y"
7817,"일반야영장(7면)",7,"Y"
6840,"일반야영장(20면) 글램핑시설(10면) 카라반(4면)",34,"N"
7167,"일반야영장(17면) 자동차야영장사이트(17면)",34,"N"
6842,"",0,"N"
7168,"글램핑시설(9면)",9,"N"
7458,"",0,"N"
100128,"일반야영장(18면) 자동차야영장사이트(23면)",41,"Y"
7008,"",0,"N"
1871,"일반야영장(9면)",9,"Y"
100273,"자동차야영장사이트(22면)",22,"Y"
1875,"일반야영장(76면)",76,"Y"
1876,"일반야영장(90면)",90,"N"
1878,"",0,"N"
1879,"",0,"N"
100402,"",0,"N"
6845,"카라반(8면)",8,"N"
1885,"일반야영장(60면) 자동차야영장사이트(60면)",120,"Y"
7381,"",0,"N"
1887,"글램핑시설(9면)",9,"N"
7980,"카라반(27면)",27,"Y"
100112,"자동차야영장사이트(26면)",26,"Y"
100364,"일반야영장(18면) 자동차야영장사이트(4면) 글램핑시설(4면)",26,"Y"
100167,"자동차야영장사이트(15면)",15,"Y"
100161,"자동차야영장사이트(20면)",20,"Y"
7009,"일반야영장(16면)",16,"Y"
1892,"일반야영장(24면)",24,"Y"
6961,"글램핑시설(9면)",9,"N"
1893,"자동차야영장사이트(4면) 글램핑시설(8면)",12,"N"
8084,"일반야영장(3면) 글램핑시설(10면) 카라반(4면)",17,"Y"
7269,"",0,"N"
1898,"일반야영장(15면) 카라반(3면)",18,"N"
8208,"일반야영장(27면)",27,"Y"
8035,"일반야영장(43면)",43,"Y"
7593,"자동차야영장사이트(11면)",11,"N"
1900,"일반야영장(18면)",18,"Y"
1903,"",0,"N"
7475,"",0,"N"
8064,"자동차야영장사이트(30면) 글램핑시설(20면)",50,"N"
100379,"",0,"Y"
2762,"자동차야영장사이트(4면) 글램핑시설(16면)",20,"N"
100423,"자동차야영장사이트(30면)",30,"Y"
1916,"일반야영장(12면)",12,"N"
1917,"",0,"N"
7170,"일반야영장(19면) 카라반(6면) 개인카라반사이트(7면)",32,"N"
1920,"일반야영장(37면)",37,"N"
1925,"일반야영장(30면)",30,"Y"
100257,"자동차야영장사이트(136면) 글램핑시설(5면) 카라반(3면)",144,"Y"
1931,"글램핑시설(10면)",10,"Y"
7642,"일반야영장(32면)",32,"Y"
100494,"일반야영장(21면)",21,"Y"
1933,"일반야영장(44면)",44,"N"
8169,"일반야영장(13면) 자동차야영장사이트(3면)",16,"Y"
1934,"자동차야영장사이트(24면)",24,"N"
7171,"일반야영장(60면)",60,"N"
1936,"일반야영장(20면)",20,"Y"
1941,"일반야영장(11면)",11,"N"
1942,"글램핑시설(11면)",11,"N"
1626,"자동차야영장사이트(32면)",32,"N"
1943,"일반야영장(82면)",82,"N"
7172,"일반야영장(24면) 자동차야영장사이트(24면)",48,"Y"
1947,"일반야영장(35면)",35,"N"
1951,"",0,"N"
6728,"카라반(16면)",16,"N"
1955,"글램핑시설(10면)",10,"N"
1957,"일반야영장(13면)",13,"Y"
1960,"일반야영장(6면)",6,"N"
1961,"",0,"N"
8132,"자동차야영장사이트(40면)",40,"Y"
7900,"글램핑시설(5면)",5,"Y"
7825,"글램핑시설(14면)",14,"Y"
2425,"자동차야영장사이트(54면)",54,"N"
7556,"일반야영장(2면) 카라반(15면)",17,"Y"
1970,"",0,"N"
7173,"글램핑시설(6면)",6,"N"
7175,"일반야영장(40면) 글램핑시설(7면) 카라반(40면)",87,"Y"
100302,"글램핑시설(5면)",5,"Y"
8043,"",0,"N"
1982,"자동차야영장사이트(33면)",33,"N"
1984,"자동차야영장사이트(30면)",30,"N"
1986,"글램핑시설(20면)",20,"N"
1987,"",0,"N"
1988,"일반야영장(15면) 글램핑시설(5면)",20,"N"
1989,"자동차야영장사이트(10면)",10,"N"
1990,"일반야영장(32면)",32,"Y"
2239,"일반야영장(41면)",41,"N"
1993,"일반야영장(67면)",67,"Y"
1994,"글램핑시설(14면) 카라반(6면)",20,"N"
100470,"글램핑시설(31면) 카라반(8면)",39,"Y"
100147,"일반야영장(44면) 개인카라반사이트(4면)",48,"Y"
1996,"글램핑시설(17면)",17,"N"
100325,"일반야영장(6면) 자동차야영장사이트(11면)",17,"Y"
100468,"일반야영장(15면) 자동차야영장사이트(4면) 글램핑시설(10면)",29,"Y"
7535,"일반야영장(20면)",20,"Y"
1999,"자동차야영장사이트(23면)",23,"Y"
7927,"일반야영장(51면)",51,"Y"
100672,"일반야영장(19면)",19,"Y"
2003,"일반야영장(57면)",57,"N"
7768,"글램핑시설(8면)",8,"Y"
2005,"",0,"N"
7258,"글램핑시설(21면) 카라반(2면)",23,"N"
2466,"일반야영장(5면)",5,"Y"
2009,"일반야영장(30면)",30,"N"
2010,"일반야영장(19면)",19,"N"
2012,"일반야영장(9면)",9,"Y"
2015,"",0,"N"
8102,"자동차야영장사이트(50면)",50,"Y"
100266,"자동차야영장사이트(43면)",43,"Y"
2022,"자동차야영장사이트(69면) 글램핑시설(6면) 카라반(10면)",85,"N"
2028,"",0,"N"
2031,"일반야영장(34면) 자동차야영장사이트(24면) 글램핑시설(10면) 카라반(7면)",75,"N"
7333,"",0,"N"
7836,"글램핑시설(10면)",10,"Y"
2033,"자동차야영장사이트(45면)",45,"N"
2034,"자동차야영장사이트(120면) 카라반(20면)",140,"N"
7178,"일반야영장(9면) 글램핑시설(7면)",16,"N"
7574,"",0,"Y"
7343,"",0,"N"
2044,"글램핑시설(6면)",6,"N"
2045,"",0,"N"
100077,"자동차야영장사이트(8면)",8,"Y"
100396,"일반야영장(23면)",23,"Y"
2051,"일반야영장(26면)",26,"N"
2053,"일반야영장(10면)",10,"Y"
2054,"일반야영장(6면)",6,"N"
7179,"일반야영장(50면) 자동차야영장사이트(50면) 카라반(1면)",101,"N"
3071,"",0,"N"
7791,"일반야영장(10면) 글램핑시설(1면)",11,"N"
100177,"자동차야영장사이트(40면)",40,"Y"
7910,"일반야영장(30면)",30,"Y"
2110,"일반야영장(11면) 자동차야영장사이트(20면)",31,"Y"
7755,"",0,"N"
2078,"자동차야영장사이트(50면)",50,"N"
2079,"자동차야영장사이트(46면)",46,"N"
2076,"일반야영장(33면) 카라반(8면)",41,"N"
7823,"일반야영장(30면)",30,"Y"
100019,"일반야영장(28면)",28,"Y"
2080,"일반야영장(50면) 개인카라반사이트(20면)",70,"N"
6967,"자동차야영장사이트(70면) 글램핑시설(10면) 개인카라반사이트(16면)",96,"N"
2099,"글램핑시설(19면)",19,"N"
2094,"일반야영장(13면) 카라반(3면)",16,"N"
2097,"자동차야영장사이트(87면)",87,"N"
8202,"자동차야영장사이트(60면) 개인카라반사이트(10면)",70,"Y"
7975,"카라반(5면)",5,"Y"
7644,"일반야영장(15면) 카라반(2면)",17,"N"
6851,"",0,"N"
2104,"일반야영장(10면) 카라반(6면)",16,"N"
7577,"자동차야영장사이트(15면) 카라반(3면)",18,"N"
100324,"일반야영장(19면)",19,"Y"
1793,"자동차야영장사이트(160면)",160,"Y"
2116,"",0,"N"
100330,"자동차야영장사이트(263면)",263,"Y"
100329,"자동차야영장사이트(60면)",60,"Y"
2119,"자동차야영장사이트(50면)",50,"Y"
7769,"자동차야영장사이트(22면) 글램핑시설(3면)",25,"Y"
2121,"자동차야영장사이트(40면)",40,"Y"
7016,"자동차야영장사이트(20면) 카라반(2면)",22,"N"
7017,"일반야영장(12면)",12,"N"
2131,"일반야영장(24면) 자동차야영장사이트(20면)",44,"N"
3149,"자동차야영장사이트(10면)",10,"N"
2134,"자동차야영장사이트(8면)",8,"Y"
1575,"일반야영장(25면)",25,"N"
267,"",0,"N"
7573,"자동차야영장사이트(20면)",20,"N"
1580,"자동차야영장사이트(52면)",52,"N"
6825,"일반야영장(20면) 자동차야영장사이트(60면)",80,"N"
1581,"일반야영장(13면) 글램핑시설(6면)",19,"N"
1585,"자동차야영장사이트(41면)",41,"N"
1587,"일반야영장(30면)",30,"N"
100471,"일반야영장(15면)",15,"Y"
7340,"글램핑시설(19면) 카라반(15면)",34,"N"
2753,"일반야영장(3면) 글램핑시설(20면)",23,"N"
7002,"카라반(26면)",26,"Y"
7999,"일반야영장(6면)",6,"N"
1592,"일반야영장(12면)",12,"Y"
7003,"",0,"N"
1601,"자동차야영장사이트(93면)",93,"N"
1606,"카라반(4면)",4,"N"
1607,"",0,"N"
1610,"일반야영장(25면)",25,"Y"
1611,"",0,"N"
100061,"자동차야영장사이트(17면)",17,"Y"
7004,"",0,"N"
1617,"일반야영장(55면)",55,"Y"
6828,"",0,"N"
7868,"글램핑시설(10면)",10,"Y"
1621,"",0,"N"
1622,"",0,"N"
1627,"일반야영장(35면)",35,"N"
7596,"자동차야영장사이트(6면)",6,"N"
100643,"일반야영장(40면)",40,"Y"
1628,"일반야영장(15면)",15,"Y"
1629,"일반야영장(46면) 글램핑시설(7면)",53,"Y"
1631,"글램핑시설(20면)",20,"N"
1632,"글램핑시설(13면) 카라반(15면)",28,"N"
1633,"자동차야영장사이트(50면)",50,"N"
1636,"자동차야영장사이트(80면)",80,"Y"
7663,"글램핑시설(6면) 카라반(10면)",16,"Y"
6829,"자동차야영장사이트(20면)",20,"Y"
7842,"자동차야영장사이트(100면) 개인카라반사이트(13면)",113,"Y"
1641,"",0,"N"
1643,"일반야영장(25면)",25,"N"
3105,"일반야영장(6면) 글램핑시설(20면) 카라반(5면)",31,"N"
1647,"일반야영장(12면) 개인카라반사이트(10면)",22,"N"
2301,"글램핑시설(38면)",38,"N"
1653,"자동차야영장사이트(22면)",22,"N"
1654,"글램핑시설(6면) 카라반(6면)",12,"N"
1655,"일반야영장(15면)",15,"N"
100382,"글램핑시설(6면)",6,"Y"
1657,"",0,"N"
7372,"일반야영장(45면)",45,"N"
1660,"자동차야영장사이트(30면)",30,"N"
6830,"카라반(4면)",4,"N"
7716,"카라반(9면)",9,"N"
100248,"카라반(10면)",10,"Y"
1665,"일반야영장(12면)",12,"N"
1666,"일반야영장(45면)",45,"N"
1668,"일반야영장(24면) 자동차야영장사이트(172면) 카라반(8면)",204,"N"
1670,"일반야영장(20면)",20,"Y"
1672,"일반야영장(12면)",12,"N"
6832,"",0,"N"
1674,"자동차야영장사이트(30면)",30,"Y"
1676,"일반야영장(17면)",17,"Y"
1678,"일반야영장(24면) 자동차야영장사이트(10면)",34,"N"
1681,"일반야영장(28면)",28,"N"
7606,"카라반(10면)",10,"Y"
1682,"자동차야영장사이트(37면) 글램핑시설(10면)",47,"Y"
1684,"일반야영장(8면)",8,"N"
1685,"자동차야영장사이트(30면) 카라반(3면)",33,"N"
1686,"자동차야영장사이트(10면) 글램핑시설(5면)",15,"N"
8016,"일반야영장(20면) 자동차야영장사이트(18면)",38,"Y"
7958,"일반야영장(20면)",20,"Y"
3094,"자동차야영장사이트(54면) 카라반(3면) 개인카라반사이트(3면)",60,"Y"
1689,"일반야영장(88면)",88,"N"
7005,"일반야영장(52면)",52,"N"
1692,"일반야영장(11면)",11,"Y"
7745,"일반야영장(5면) 글램핑시설(14면)",19,"N"
100503,"글램핑시설(12면)",12,"Y"
7893,"일반야영장(40면) 자동차야영장사이트(30면) 글램핑시설(3면) 덤프스테이션(1기)",74,"Y"
100360,"자동차야영장사이트(46면) 개인카라반사이트(10면)",56,"N"
1698,"자동차야영장사이트(114면) 카라반(29면)",143,"N"
1701,"일반야영장(20면) 글램핑시설(9면)",29,"N"
1703,"자동차야영장사이트(20면)",20,"N"
1704,"자동차야영장사이트(169면)",169,"N"
7726,"카라반(3면)",3,"N"
1707,"일반야영장(22면)",22,"Y"
1709,"일반야영장(34면) 자동차야영장사이트(40면)",74,"N"
7344,"일반야영장(30면)",30,"N"
1710,"자동차야영장사이트(31면)",31,"N"
1711,"자동차야영장사이트(48면)",48,"Y"
100451,"자동차야영장사이트(11면)",11,"Y"
1715,"일반야영장(38면)",38,"N"
7470,"일반야영장(3면)",3,"Y"
7887,"",0,"N"
1717,"",0,"N"
7639,"자동차야영장사이트(50면)",50,"Y"
1718,"일반야영장(9면) 글램핑시설(39면)",48,"N"
1719,"",0,"N"
100520,"카라반(4면)",4,"N"
1721,"일반야영장(15면)",15,"N"
101551,"",0,"N"
7913,"일반야영장(17면) 카라반(10면)",27,"Y"
1734,"일반야영장(14면) 개인카라반사이트(2면)",16,"N"
1736,"",0,"N"
7324,"",0,"Y"
7770,"일반야영장(22면)",22,"Y"
1738,"일반야영장(32면)",32,"N"
101315,"일반야영장(120면)",120,"Y"
1740,"일반야영장(58면)",58,"N"
7358,"",0,"N"
1742,"자동차야영장사이트(56면)",56,"N"
7444,"",0,"N"
7245,"",0,"Y"
1746,"자동차야영장사이트(38면)",38,"N"
1749,"일반야영장(31면) 자동차야영장사이트(31면) 글램핑시설(1면) 카라반(5면)",68,"Y"
1750,"일반야영장(56면) 자동차야영장사이트(38면) 카라반(20면)",114,"Y"
7518,"일반야영장(12면)",12,"N"
7971,"일반야영장(6면)",6,"Y"
1755,"일반야영장(18면)",18,"Y"
1756,"일반야영장(22면)",22,"Y"
7163,"",0,"Y"
1759,"자동차야영장사이트(30면)",30,"N"
7164,"자동차야영장사이트(30면) 글램핑시설(7면)",37,"Y"
1761,"일반야영장(8면)",8,"N"
1763,"자동차야영장사이트(70면)",70,"N"
1770,"자동차야영장사이트(30면)",30,"N"
1771,"",0,"N"
1773,"일반야영장(50면) 자동차야영장사이트(50면)",100,"N"
7404,"",0,"Y"
100168,"자동차야영장사이트(35면)",35,"N"
100006,"자동차야영장사이트(30면)",30,"Y"
7166,"",0,"Y"
1782,"",0,"N"
100190,"일반야영장(17면)",17,"N"
1785,"일반야영장(30면)",30,"N"
7605,"카라반(39면)",39,"Y"
7550,"일반야영장(33면)",33,"N"
1786,"자동차야영장사이트(45면)",45,"N"
1788,"일반야영장(68면)",68,"N"
1789,"일반야영장(20면)",20,"N"
1794,"일반야영장(22면)",22,"Y"
1796,"일반야영장(73면)",73,"N"
1797,"일반야영장(14면)",14,"N"
1802,"자동차야영장사이트(90면)",90,"N"
1803,"일반야영장(28면)",28,"Y"
6836,"자동차야영장사이트(33면)",33,"Y"
7545,"일반야영장(29면)",29,"Y"
8014,"자동차야영장사이트(96면) 카라반(15면)",111,"N"
7875,"일반야영장(15면) 글램핑시설(5면)",20,"Y"
7007,"",0,"N"
1818,"글램핑시설(4면)",4,"Y"
1820,"자동차야영장사이트(26면) 개인카라반사이트(4면)",30,"N"
7426,"",0,"N"
6838,"자동차야영장사이트(15면)",15,"N"
7940,"일반야영장(9면) 자동차야영장사이트(1면) 글램핑시설(8면)",18,"Y"
1825,"자동차야영장사이트(54면)",54,"N"
1827,"자동차야영장사이트(30면) 글램핑시설(10면)",40,"N"
100627,"자동차야영장사이트(20면)",20,"Y"
1830,"자동차야영장사이트(30면)",30,"N"
8033,"자동차야영장사이트(22면)",22,"Y"
1832,"자동차야영장사이트(15면)",15,"N"
1833,"일반야영장(84면)",84,"N"
100057,"글램핑시설(15면) 카라반(15면)",30,"Y"
1835,"자동차야영장사이트(40면)",40,"N"
8083,"일반야영장(8면) 자동차야영장사이트(9면)",17,"Y"
100466,"글램핑시설(9면)",9,"Y"
1838,"일반야영장(15면)",15,"Y"
1843,"자동차야영장사이트(50면)",50,"N"
7981,"카라반(10면) 개인카라반사이트(85면)",95,"Y"
7153,"",0,"N"
7155,"일반야영장(42면) 자동차야영장사이트(42면)",84,"Y"
6994,"",0,"N"
1344,"",0,"N"
1346,"일반야영장(60면)",60,"Y"
6995,"",0,"N"
217,"글램핑시설(48면) 카라반(16면) 덤프스테이션(1기)",65,"Y"
1352,"카라반(7면)",7,"N"
1353,"일반야영장(36면)",36,"Y"
7674,"일반야영장(44면)",44,"Y"
7156,"",0,"N"
1357,"",0,"N"
1360,"",0,"N"
1362,"일반야영장(42면)",42,"Y"
2081,"글램핑시설(18면)",18,"N"
7741,"일반야영장(45면)",45,"N"
8003,"일반야영장(23면) 자동차야영장사이트(20면) 개인카라반사이트(20면)",63,"Y"
1364,"카라반(9면)",9,"N"
100399,"자동차야영장사이트(25면)",25,"Y"
7157,"글램핑시설(5면)",5,"Y"
100159,"자동차야영장사이트(39면)",39,"N"
1368,"자동차야영장사이트(28면)",28,"Y"
1369,"자동차야영장사이트(90면)",90,"N"
1111,"",0,"N"
7909,"일반야영장(16면) 자동차야영장사이트(10면) 개인카라반사이트(5면)",31,"Y"
1370,"일반야영장(13면) 카라반(2면)",15,"N"
1371,"글램핑시설(12면)",12,"N"
100663,"자동차야영장사이트(30면)",30,"Y"
7802,"자동차야영장사이트(45면)",45,"Y"
3379,"자동차야영장사이트(42면)",42,"N"
1379,"일반야영장(9면)",9,"N"
1380,"",0,"N"
627,"일반야영장(16면)",16,"N"
1382,"자동차야영장사이트(84면) 카라반(10면)",94,"N"
7803,"글램핑시설(22면)",22,"Y"
1384,"글램핑시설(28면)",28,"N"
1385,"일반야영장(50면)",50,"N"
7285,"",0,"N"
1388,"일반야영장(10면)",10,"N"
1389,"일반야영장(14면)",14,"N"
1390,"",0,"N"
6814,"일반야영장(21면)",21,"Y"
1405,"",0,"N"
1407,"글램핑시설(12면)",12,"N"
1410,"일반야영장(11면)",11,"N"
100339,"카라반(7면)",7,"Y"
7669,"일반야영장(25면)",25,"Y"
100601,"자동차야영장사이트(35면)",35,"Y"
1413,"글램핑시설(14면)",14,"N"
917,"일반야영장(20면)",20,"N"
1418,"글램핑시설(18면)",18,"N"
7319,"글램핑시설(6면)",6,"N"
6997,"",0,"N"
1425,"",0,"N"
733,"",0,"N"
7762,"글램핑시설(10면)",10,"N"
7485,"",0,"N"
1427,"카라반(6면)",6,"N"
7446,"",0,"N"
7895,"일반야영장(31면)",31,"Y"
7158,"일반야영장(20면) 자동차야영장사이트(20면)",40,"Y"
7338,"",0,"N"
7250,"자동차야영장사이트(72면)",72,"N"
1431,"일반야영장(2면) 글램핑시설(7면) 카라반(1면)",10,"N"
7694,"일반야영장(19면)",19,"Y"
7916,"카라반(22면)",22,"Y"
100461,"일반야영장(2면) 자동차야영장사이트(1면) 글램핑시설(2면)",5,"Y"
100485,"자동차야영장사이트(39면)",39,"Y"
1095,"카라반(29면)",29,"N"
1432,"",0,"N"
7625,"글램핑시설(5면)",5,"Y"
100115,"일반야영장(16면)",16,"N"
1435,"일반야영장(53면)",53,"N"
1436,"자동차야영장사이트(70면)",70,"N"
100476,"자동차야영장사이트(33면) 카라반(4면)",37,"Y"
8038,"일반야영장(13면)",13,"Y"
1441,"",0,"N"
7427,"",0,"N"
6998,"일반야영장(16면) 자동차야영장사이트(3면)",19,"N"
6818,"",0,"N"
1446,"일반야영장(30면)",30,"N"
6819,"일반야영장(26면) 글램핑시설(14면) 카라반(3면)",43,"N"
1447,"자동차야영장사이트(5면) 글램핑시설(8면) 카라반(8면)",21,"N"
7525,"글램핑시설(5면)",5,"N"
1448,"일반야영장(16면)",16,"N"
1449,"일반야영장(6면) 카라반(5면)",11,"N"
8041,"자동차야영장사이트(33면) 카라반(12면) 개인카라반사이트(16면)",61,"Y"
7878,"일반야영장(10면)",10,"Y"
7886,"글램핑시설(6면) 카라반(5면)",11,"Y"
100300,"자동차야영장사이트(34면)",34,"Y"
7532,"일반야영장(14면)",14,"N"
1453,"일반야영장(20면)",20,"Y"
1454,"일반야영장(23면)",23,"N"
1455,"글램핑시설(10면)",10,"N"
1456,"",0,"N"
1457,"카라반(10면)",10,"N"
100199,"",0,"N"
1460,"일반야영장(53면)",53,"N"
1463,"",0,"N"
1467,"일반야영장(8면)",8,"N"
100098,"",0,"N"
1776,"자동차야영장사이트(30면)",30,"N"
1468,"",0,"N"
7279,"",0,"N"
100594,"글램핑시설(16면)",16,"Y"
6999,"",0,"N"
1387,"",0,"N"
1471,"일반야영장(26면)",26,"Y"
1473,"일반야영장(35면)",35,"Y"
7795,"일반야영장(30면)",30,"N"
1476,"글램핑시설(17면)",17,"Y"
7957,"자동차야영장사이트(4면) 글램핑시설(10면)",14,"Y"
100606,"자동차야영장사이트(37면)",37,"Y"
1480,"일반야영장(12면)",12,"Y"
100381,"자동차야영장사이트(45면)",45,"Y"
100427,"자동차야영장사이트(35면) 개인카라반사이트(4면)",39,"Y"
1483,"일반야영장(60면)",60,"N"
6821,"",0,"N"
100611,"글램핑시설(7면)",7,"Y"
1487,"일반야영장(17면)",17,"Y"
100234,"일반야영장(4면) 카라반(4면)",8,"Y"
1488,"자동차야영장사이트(45면) 글램핑시설(21면)",66,"N"
8115,"일반야영장(42면)",42,"N"
100362,"일반야영장(11면) 자동차야영장사이트(12면)",23,"Y"
1490,"",0,"N"
1491,"글램핑시설(5면)",5,"N"
101608,"",0,"N"
1498,"일반야영장(5면)",5,"N"
1499,"자동차야영장사이트(32면)",32,"N"
100165,"일반야영장(26면)",26,"Y"
1501,"자동차야영장사이트(120면)",120,"Y"
1507,"자동차야영장사이트(5면) 카라반(1면)",6,"N"
1508,"자동차야영장사이트(50면)",50,"N"
7628,"글램핑시설(5면)",5,"Y"
8190,"글램핑시설(24면)",24,"Y"
1511,"자동차야영장사이트(47면)",47,"N"
7160,"일반야영장(12면) 자동차야영장사이트(12면) 글램핑시설(7면) 덤프스테이션(6기)",37,"Y"
1515,"일반야영장(20면)",20,"N"
1516,"글램핑시설(15면)",15,"N"
1517,"자동차야영장사이트(41면)",41,"N"
1525,"일반야영장(10면) 글램핑시설(10면) 카라반(2면)",22,"N"
8089,"자동차야영장사이트(43면)",43,"Y"
1528,"",0,"N"
100474,"자동차야영장사이트(39면)",39,"Y"
7001,"자동차야영장사이트(10면)",10,"N"
7635,"일반야영장(1면) 글램핑시설(18면) 카라반(7면) 개인카라반사이트(1면)",27,"Y"
7527,"글램핑시설(5면)",5,"Y"
1356,"일반야영장(15면)",15,"Y"
1533,"일반야영장(12면)",12,"N"
1534,"일반야영장(66면)",66,"N"
8009,"글램핑시설(6면)",6,"N"
1537,"자동차야영장사이트(50면)",50,"Y"
7996,"자동차야영장사이트(28면) 글램핑시설(5면)",33,"N"
7773,"일반야영장(5면) 카라반(3면)",8,"N"
1540,"글램핑시설(10면) 카라반(1면)",11,"N"
1541,"일반야영장(25면)",25,"N"
1542,"일반야영장(15면)",15,"N"
8144,"일반야영장(28면) 자동차야영장사이트(28면) 카라반(1면)",57,"Y"
100600,"자동차야영장사이트(20면) 개인카라반사이트(8면)",28,"Y"
7956,"자동차야영장사이트(18면) 카라반(2면)",20,"Y"
1547,"일반야영장(50면) 자동차야영장사이트(62면)",112,"N"
1548,"",0,"N"
1554,"일반야영장(100면)",100,"Y"
1556,"일반야영장(50면)",50,"N"
6822,"자동차야영장사이트(19면)",19,"N"
1557,"자동차야영장사이트(40면)",40,"N"
2161,"일반야영장(30면)",30,"N"
1562,"자동차야영장사이트(22면)",22,"Y"
7607,"일반야영장(20면)",20,"N"
100385,"일반야영장(6면) 글램핑시설(6면)",12,"Y"
1569,"글램핑시설(6면)",6,"N"
1570,"자동차야영장사이트(50면)",50,"N"
1572,"일반야영장(27면)",27,"N"
1573,"자동차야영장사이트(45면)",45,"N"
8015,"일반야영장(1면) 글램핑시설(14면)",15,"Y"
7965,"일반야영장(6면)",6,"Y"
7146,"일반야영장(26면)",26,"N"
6984,"자동차야영장사이트(155면)",155,"N"
8179,"일반야영장(8면) 자동차야영장사이트(46면)",54,"Y"
7722,"일반야영장(300면)",300,"Y"
7548,"",0,"N"
7617,"",0,"Y"
1096,"자동차야영장사이트(7면)",7,"N"
6796,"",0,"N"
6985,"",0,"N"
1097,"일반야영장(4면) 글램핑시설(7면)",11,"N"
1100,"일반야영장(62면)",62,"N"
1101,"일반야영장(40면)",40,"N"
100109,"글램핑시설(12면)",12,"N"
100145,"일반야영장(24면)",24,"N"
1113,"글램핑시설(21면)",21,"N"
8050,"글램핑시설(12면)",12,"Y"
7890,"카라반(6면)",6,"Y"
1114,"일반야영장(5면) 자동차야영장사이트(7면) 개인카라반사이트(6면)",18,"Y"
7430,"일반야영장(21면)",21,"N"
379,"카라반(9면)",9,"N"
811,"자동차야영장사이트(11면) 글램핑시설(12면) 카라반(2면)",25,"Y"
1115,"일반야영장(41면) 글램핑시설(10면)",51,"N"
1117,"일반야영장(21면)",21,"N"
1118,"일반야영장(50면) 자동차야영장사이트(50면)",100,"N"
1119,"일반야영장(25면)",25,"Y"
7006,"자동차야영장사이트(35면)",35,"N"
1121,"카라반(9면)",9,"N"
7860,"자동차야영장사이트(16면)",16,"Y"
7637,"카라반(24면)",24,"N"
1127,"일반야영장(30면)",30,"Y"
1128,"",0,"N"
1129,"자동차야영장사이트(44면)",44,"N"
1131,"일반야영장(35면)",35,"N"
1133,"일반야영장(20면)",20,"N"
1134,"일반야영장(70면)",70,"N"
1137,"",0,"N"
7898,"일반야영장(12면)",12,"N"
7147,"일반야영장(20면) 자동차야영장사이트(20면)",40,"N"
1139,"일반야영장(28면)",28,"N"
7758,"일반야영장(17면)",17,"N"
1140,"일반야영장(29면)",29,"N"
1141,"자동차야영장사이트(28면) 카라반(3면)",31,"N"
1142,"자동차야영장사이트(49면)",49,"Y"
8120,"일반야영장(15면) 자동차야영장사이트(18면)",33,"Y"
1145,"",0,"N"
7148,"",0,"N"
1563,"일반야영장(10면) 자동차야영장사이트(10면)",20,"N"
8080,"자동차야영장사이트(22면)",22,"Y"
1151,"일반야영장(39면) 카라반(4면)",43,"Y"
1152,"일반야영장(40면)",40,"N"
7567,"일반야영장(44면)",44,"Y"
1155,"일반야영장(10면)",10,"N"
1157,"일반야영장(20면)",20,"N"
7323,"",0,"N"
1163,"일반야영장(6면)",6,"Y"
7308,"",0,"N"
7028,"일반야영장(8면) 글램핑시설(6면) 카라반(3면)",17,"N"
1167,"일반야영장(23면)",23,"N"
1168,"자동차야영장사이트(75면)",75,"N"
1173,"",0,"N"
1177,"일반야영장(23면)",23,"Y"
1178,"",0,"N"
1181,"일반야영장(30면)",30,"N"
1182,"자동차야영장사이트(50면) 카라반(5면)",55,"N"
6797,"",0,"N"
1184,"",0,"N"
100071,"글램핑시설(28면)",28,"N"
100212,"일반야영장(42면)",42,"Y"
1194,"자동차야영장사이트(61면)",61,"N"
1190,"",0,"N"
1196,"",0,"N"
1192,"일반야영장(40면)",40,"N"
1504,"자동차야영장사이트(26면)",26,"N"
6987,"자동차야영장사이트(200면)",200,"Y"
2041,"자동차야영장사이트(46면)",46,"N"
7870,"일반야영장(2면) 자동차야영장사이트(17면) 카라반(5면)",24,"N"
1197,"자동차야영장사이트(106면)",106,"N"
986,"글램핑시설(8면)",8,"N"
1200,"일반야영장(24면) 자동차야영장사이트(16면)",40,"Y"
1202,"글램핑시설(12면)",12,"N"
7420,"카라반(7면)",7,"N"
8079,"자동차야영장사이트(7면)",7,"Y"
100046,"일반야영장(19면)",19,"N"
6988,"카라반(8면)",8,"N"
6989,"",0,"N"
8017,"일반야영장(21면)",21,"Y"
7831,"",0,"N"
6799,"",0,"N"
1215,"",0,"N"
1216,"일반야영장(34면)",34,"Y"
100044,"일반야영장(11면)",11,"N"
1218,"일반야영장(20면)",20,"N"
1220,"일반야영장(50면)",50,"N"
7850,"자동차야영장사이트(10면) 카라반(6면)",16,"N"
1221,"일반야영장(18면)",18,"Y"
1222,"일반야영장(22면)",22,"N"
100543,"일반야영장(15면)",15,"Y"
1225,"",0,"N"
6990,"일반야영장(20면)",20,"N"
1231,"일반야영장(25면)",25,"Y"
1233,"",0,"N"
1234,"일반야영장(80면) 카라반(20면)",100,"Y"
1235,"일반야영장(15면)",15,"Y"
100448,"글램핑시설(2면) 카라반(11면) 개인카라반사이트(2면)",15,"Y"
1237,"글램핑시설(14면)",14,"Y"
7653,"일반야영장(10면) 카라반(4면)",14,"Y"
1242,"자동차야영장사이트(25면) 글램핑시설(2면)",27,"Y"
1244,"일반야영장(25면)",25,"Y"
1245,"일반야영장(27면)",27,"N"
1246,"",0,"N"
7401,"",0,"N"
100258,"일반야영장(26면)",26,"Y"
1254,"자동차야영장사이트(29면)",29,"N"
6991,"일반야영장(33면)",33,"N"
7797,"",0,"N"
1260,"자동차야영장사이트(74면)",74,"Y"
887,"",0,"Y"
1266,"일반야영장(52면)",52,"N"
2810,"일반야영장(20면) 글램핑시설(10면)",30,"N"
6802,"일반야영장(10면)",10,"N"
100043,"자동차야영장사이트(10면)",10,"Y"
1272,"일반야영장(7면)",7,"N"
6803,"일반야영장(52면)",52,"N"
100291,"",0,"Y"
7150,"",0,"N"
1279,"일반야영장(33면)",33,"N"
1282,"",0,"N"
1283,"",0,"N"
7537,"자동차야영장사이트(12면)",12,"N"
1284,"일반야영장(23면) 글램핑시설(10면)",33,"Y"
7914,"자동차야영장사이트(39면)",39,"N"
7276,"",0,"N"
7151,"일반야영장(7면)",7,"N"
1287,"",0,"N"
7985,"자동차야영장사이트(20면)",20,"Y"
8092,"자동차야영장사이트(46면)",46,"Y"
6806,"일반야영장(30면)",30,"N"
1291,"",0,"N"
100545,"글램핑시설(13면) 카라반(13면) 덤프스테이션(1기)",27,"Y"
1293,"카라반(8면)",8,"N"
1295,"자동차야영장사이트(35면)",35,"Y"
7974,"글램핑시설(8면)",8,"Y"
1299,"자동차야영장사이트(31면)",31,"N"
8143,"일반야영장(46면)",46,"Y"
1301,"일반야영장(30면)",30,"N"
7632,"글램핑시설(5면)",5,"Y"
1303,"자동차야영장사이트(52면)",52,"N"
1305,"글램핑시설(19면) 카라반(10면)",29,"N"
7824,"자동차야영장사이트(44면)",44,"Y"
7253,"글램핑시설(31면)",31,"N"
100718,"글램핑시설(14면) 카라반(16면)",30,"Y"
7357,"글램핑시설(12면) 카라반(18면)",30,"N"
6807,"일반야영장(32면)",32,"N"
1311,"일반야영장(12면)",12,"N"
1313,"자동차야영장사이트(73면) 카라반(8면)",81,"N"
7152,"일반야영장(30면) 카라반(10면) 덤프스테이션(8기)",48,"N"
6808,"일반야영장(69면)",69,"N"
87,"자동차야영장사이트(29면) 카라반(5면)",34,"N"
100048,"",0,"N"
1316,"",0,"N"
1318,"",0,"N"
7578,"일반야영장(5면) 자동차야영장사이트(7면)",12,"N"
1321,"일반야영장(17면)",17,"N"
1323,"글램핑시설(22면)",22,"N"
1324,"일반야영장(13면)",13,"N"
1325,"",0,"N"
7959,"자동차야영장사이트(1면) 글램핑시설(6면) 카라반(3면)",10,"Y"
1327,"일반야영장(60면)",60,"N"
7917,"자동차야영장사이트(23면)",23,"Y"
1330,"",0,"N"
1332,"글램핑시설(3면)",3,"N"
100117,"일반야영장(5면) 자동차야영장사이트(13면) 글램핑시설(4면)",22,"Y"
6993,"자동차야영장사이트(10면)",10,"Y"
7747,"자동차야영장사이트(11면) 글램핑시설(11면)",22,"Y"
1335,"글램핑시설(30면)",30,"N"
1336,"일반야영장(15면)",15,"N"
100315,"자동차야영장사이트(23면)",23,"Y"
1337,"글램핑시설(18면)",18,"N"
7552,"일반야영장(4면)",4,"N"
6810,"일반야영장(15면)",15,"Y"
100467,"자동차야영장사이트(24면)",24,"Y"
848,"",0,"N"
849,"",0,"N"
8105,"글램핑시설(10면)",10,"Y"
853,"일반야영장(12면) 글램핑시설(9면)",21,"N"
855,"일반야영장(25면)",25,"Y"
7331,"일반야영장(83면)",83,"N"
859,"일반야영장(7면)",7,"N"
860,"글램핑시설(2면) 카라반(1면)",3,"N"
862,"글램핑시설(11면)",11,"N"
7787,"카라반(7면)",7,"N"
6974,"일반야영장(10면)",10,"N"
6975,"자동차야영장사이트(67면)",67,"N"
866,"일반야영장(23면)",23,"N"
872,"",0,"N"
7375,"",0,"N"
7990,"일반야영장(15면)",15,"Y"
6976,"일반야영장(3면) 글램핑시설(5면) 카라반(3면)",11,"Y"
879,"",0,"N"
6977,"일반야영장(4면) 카라반(4면)",8,"N"
2375,"",0,"N"
7633,"자동차야영장사이트(26면)",26,"Y"
8086,"자동차야영장사이트(18면)",18,"Y"
7640,"글램핑시설(8면)",8,"Y"
897,"카라반(10면)",10,"N"
900,"",0,"N"
100389,"일반야영장(12면)",12,"Y"
1888,"글램핑시설(14면)",14,"N"
7604,"일반야영장(27면)",27,"Y"
8199,"자동차야영장사이트(20면)",20,"Y"
7134,"일반야영장(39면) 글램핑시설(14면)",53,"N"
908,"일반야영장(22면)",22,"N"
8216,"일반야영장(10면)",10,"N"
7135,"",0,"N"
100299,"자동차야영장사이트(30면)",30,"Y"
6978,"자동차야영장사이트(30면)",30,"N"
913,"일반야영장(30면) 자동차야영장사이트(30면)",60,"N"
915,"자동차야영장사이트(25면)",25,"N"
916,"일반야영장(57면)",57,"N"
919,"",0,"N"
17,"일반야영장(135면) 자동차야영장사이트(135면) 글램핑시설(17면)",287,"Y"
525,"자동차야영장사이트(25면) 글램핑시설(10면)",35,"Y"
7600,"글램핑시설(5면)",5,"Y"
922,"카라반(4면)",4,"N"
923,"일반야영장(14면)",14,"N"
7136,"일반야영장(6면) 자동차야영장사이트(6면)",12,"Y"
927,"일반야영장(14면) 글램핑시설(6면)",20,"Y"
928,"자동차야영장사이트(35면)",35,"Y"
930,"글램핑시설(36면)",36,"N"
931,"카라반(6면)",6,"N"
7315,"",0,"N"
7515,"",0,"N"
7736,"일반야영장(26면) 자동차야영장사이트(10면)",36,"Y"
100646,"일반야영장(3면)",3,"Y"
933,"카라반(17면)",17,"N"
935,"",0,"N"
936,"자동차야영장사이트(46면) 카라반(16면) 개인카라반사이트(4면)",66,"N"
937,"일반야영장(28면) 자동차야영장사이트(28면)",56,"N"
938,"일반야영장(33면)",33,"N"
939,"일반야영장(110면)",110,"N"
100140,"글램핑시설(10면)",10,"Y"
944,"일반야영장(100면) 자동차야영장사이트(100면)",200,"N"
7808,"글램핑시설(5면)",5,"N"
948,"일반야영장(20면) 자동차야영장사이트(34면)",54,"Y"
161,"카라반(7면)",7,"N"
100596,"글램핑시설(34면)",34,"Y"
950,"자동차야영장사이트(45면)",45,"N"
652,"",0,"N"
100100,"자동차야영장사이트(23면)",23,"N"
7539,"글램핑시설(8면)",8,"Y"
953,"글램핑시설(10면)",10,"N"
100143,"일반야영장(8면) 글램핑시설(20면)",28,"N"
100526,"자동차야영장사이트(17면)",17,"Y"
100599,"자동차야영장사이트(8면)",8,"Y"
7437,"",0,"N"
6785,"카라반(6면)",6,"N"
100670,"글램핑시설(1면) 카라반(15면)",16,"Y"
100183,"일반야영장(38면)",38,"Y"
959,"글램핑시설(15면)",15,"N"
960,"일반야영장(20면)",20,"Y"
963,"자동차야영장사이트(45면)",45,"N"
964,"일반야영장(2면)",2,"Y"
965,"일반야영장(63면)",63,"Y"
966,"일반야영장(10면)",10,"N"
8054,"일반야영장(1면) 자동차야영장사이트(5면) 카라반(6면)",12,"N"
8210,"글램핑시설(11면) 카라반(4면)",15,"N"
100148,"일반야영장(15면) 자동차야영장사이트(15면)",30,"Y"
7876,"일반야영장(45면)",45,"N"
971,"자동차야영장사이트(36면)",36,"N"
7428,"",0,"N"
100674,"일반야영장(2면) 카라반(6면)",8,"Y"
1958,"자동차야영장사이트(19면) 글램핑시설(1면)",20,"N"
974,"글램핑시설(15면)",15,"N"
975,"일반야영장(30면)",30,"N"
977,"일반야영장(50면)",50,"N"
978,"일반야영장(14면) 카라반(15면)",29,"N"
7798,"일반야영장(15면)",15,"Y"
981,"",0,"N"
982,"일반야영장(22면)",22,"N"
983,"카라반(7면)",7,"N"
7872,"일반야영장(4면) 자동차야영장사이트(30면)",34,"Y"
100661,"글램핑시설(20면)",20,"Y"
100479,"자동차야영장사이트(30면)",30,"Y"
987,"일반야영장(70면)",70,"N"
989,"",0,"N"
7984,"카라반(5면)",5,"Y"
991,"일반야영장(30면) 글램핑시설(10면)",40,"Y"
100383,"자동차야영장사이트(55면)",55,"Y"
7139,"글램핑시설(12면) 카라반(1면)",13,"N"
100008,"일반야영장(3면) 자동차야영장사이트(3면) 글램핑시설(14면) 카라반(3면)",23,"N"
6721,"",0,"Y"
6789,"일반야영장(9면) 글램핑시설(13면)",22,"N"
7835,"일반야영장(21면) 글램핑시설(5면)",26,"Y"
1007,"자동차야영장사이트(42면) 글램핑시설(10면)",52,"N"
7586,"일반야영장(40면)",40,"Y"
1009,"일반야영장(40면) 자동차야영장사이트(40면) 글램핑시설(4면)",84,"N"
1011,"자동차야영장사이트(20면)",20,"N"
7141,"일반야영장(30면)",30,"N"
1013,"일반야영장(25면) 자동차야영장사이트(25면)",50,"Y"
1016,"일반야영장(15면)",15,"N"
6790,"일반야영장(50면) 자동차야영장사이트(50면) 글램핑시설(10면)",110,"N"
7801,"자동차야영장사이트(16면)",16,"Y"
7142,"일반야영장(50면) 글램핑시설(5면)",55,"N"
100205,"일반야영장(8면)",8,"Y"
1023,"일반야영장(28면)",28,"N"
7818,"일반야영장(29면)",29,"Y"
1024,"자동차야영장사이트(36면) 글램핑시설(5면)",41,"N"
7739,"글램핑시설(6면)",6,"N"
6791,"",0,"N"
1027,"",0,"N"
1028,"",0,"N"
1029,"",0,"Y"
1030,"",0,"N"
1031,"",0,"N"
1032,"자동차야영장사이트(23면)",23,"N"
7641,"자동차야영장사이트(5면) 카라반(4면)",9,"Y"
1034,"일반야영장(23면)",23,"Y"
1035,"일반야영장(20면)",20,"Y"
6980,"일반야영장(58면) 글램핑시설(6면)",64,"N"
7650,"자동차야영장사이트(40면)",40,"N"
2288,"일반야영장(60면)",60,"N"
1039,"카라반(12면)",12,"Y"
889,"자동차야영장사이트(44면) 카라반(19면)",63,"N"
1040,"일반야영장(56면) 카라반(41면)",97,"N"
7950,"글램핑시설(2면) 카라반(8면)",10,"N"
1043,"일반야영장(29면)",29,"N"
1045,"글램핑시설(9면)",9,"N"
7753,"일반야영장(44면) 자동차야영장사이트(3면) 글램핑시설(3면)",50,"N"
7903,"글램핑시설(13면)",13,"Y"
7899,"글램핑시설(7면)",7,"Y"
6982,"카라반(8면)",8,"N"
6949,"글램핑시설(23면)",23,"Y"
7143,"일반야영장(24면) 카라반(10면)",34,"N"
7341,"일반야영장(20면) 카라반(2면)",22,"N"
1055,"",0,"N"
100213,"일반야영장(35면) 글램핑시설(8면)",43,"Y"
7714,"자동차야영장사이트(17면)",17,"N"
7144,"일반야영장(15면)",15,"N"
8069,"자동차야영장사이트(11면)",11,"Y"
7145,"일반야영장(20면)",20,"N"
7594,"자동차야영장사이트(21면)",21,"N"
1066,"일반야영장(35면)",35,"Y"
1070,"일반야영장(50면)",50,"N"
7880,"카라반(6면)",6,"N"
1075,"",0,"Y"
7922,"카라반(8면)",8,"N"
1076,"일반야영장(36면)",36,"N"
6795,"자동차야영장사이트(24면) 덤프스테이션(2기)",26,"N"
7369,"",0,"N"
7611,"카라반(50면)",50,"N"
601,"일반야영장(17면) 글램핑시설(9면)",26,"Y"
603,"일반야영장(12면)",12,"Y"
100597,"일반야영장(48면)",48,"Y"
100086,"글램핑시설(10면)",10,"Y"
7760,"일반야영장(20면) 카라반(3면)",23,"N"
1205,"자동차야영장사이트(44면) 글램핑시설(14면)",58,"Y"
100473,"자동차야영장사이트(26면)",26,"Y"
7576,"자동차야영장사이트(11면)",11,"Y"
615,"일반야영장(30면)",30,"N"
616,"글램핑시설(18면)",18,"N"
7126,"일반야영장(10면) 자동차야영장사이트(10면) 글램핑시설(9면)",29,"N"
619,"일반야영장(5면) 글램핑시설(9면)",14,"Y"
621,"글램핑시설(7면)",7,"N"
6756,"자동차야영장사이트(17면) 개인카라반사이트(4면)",21,"N"
625,"일반야영장(20면) 카라반(5면)",25,"N"
7481,"",0,"N"
632,"개인카라반사이트(25면)",25,"N"
633,"일반야영장(46면) 글램핑시설(8면)",54,"N"
8167,"자동차야영장사이트(22면)",22,"Y"
100004,"글램핑시설(7면)",7,"Y"
635,"일반야영장(14면)",14,"Y"
7627,"카라반(11면)",11,"N"
6966,"",0,"N"
638,"글램핑시설(35면)",35,"N"
7127,"",0,"N"
641,"일반야영장(40면)",40,"Y"
643,"일반야영장(38면)",38,"N"
644,"일반야영장(25면)",25,"Y"
7989,"일반야영장(25면)",25,"N"
645,"일반야영장(10면)",10,"Y"
7257,"일반야영장(3면) 글램핑시설(5면)",8,"Y"
646,"일반야영장(7면) 카라반(3면)",10,"N"
648,"자동차야영장사이트(40면) 글램핑시설(9면)",49,"N"
7128,"일반야영장(50면) 자동차야영장사이트(50면)",100,"Y"
7129,"",0,"N"
649,"일반야영장(15면)",15,"N"
655,"",0,"N"
7851,"일반야영장(32면) 자동차야영장사이트(30면)",62,"Y"
7676,"자동차야영장사이트(64면)",64,"Y"
7130,"일반야영장(50면)",50,"N"
8059,"",0,"N"
663,"일반야영장(15면)",15,"N"
6761,"",0,"N"
7614,"",0,"N"
670,"",0,"N"
673,"카라반(5면)",5,"N"
100546,"일반야영장(13면)",13,"Y"
674,"일반야영장(23면)",23,"N"
676,"카라반(3면)",3,"N"
677,"",0,"N"
6968,"",0,"N"
681,"일반야영장(22면) 자동차야영장사이트(22면)",44,"N"
684,"",0,"N"
7222,"",0,"N"
7131,"일반야영장(80면)",80,"N"
689,"일반야영장(8면) 자동차야영장사이트(2면) 글램핑시설(2면) 카라반(13면)",25,"N"
691,"자동차야영장사이트(12면)",12,"N"
692,"일반야영장(33면)",33,"N"
6764,"일반야영장(70면)",70,"N"
697,"",0,"N"
698,"일반야영장(43면)",43,"Y"
699,"글램핑시설(15면)",15,"N"
8151,"",0,"N"
8056,"",0,"N"
100141,"",0,"N"
100323,"일반야영장(17면)",17,"Y"
6765,"일반야영장(26면) 자동차야영장사이트(15면) 카라반(14면)",55,"N"
701,"일반야영장(40면)",40,"N"
702,"일반야영장(12면)",12,"N"
703,"일반야영장(16면)",16,"N"
6969,"자동차야영장사이트(17면)",17,"Y"
704,"자동차야영장사이트(31면) 카라반(4면)",35,"Y"
7575,"일반야영장(15면)",15,"N"
705,"자동차야영장사이트(29면) 글램핑시설(5면)",34,"Y"
7132,"일반야영장(30면) 글램핑시설(8면) 개인카라반사이트(40면) 덤프스테이션(2기)",80,"Y"
100068,"일반야영장(1면)",1,"N"
710,"일반야영장(10면)",10,"N"
7948,"자동차야영장사이트(18면) 글램핑시설(4면)",22,"Y"
7507,"일반야영장(31면)",31,"N"
714,"일반야영장(19면)",19,"N"
716,"자동차야영장사이트(118면)",118,"N"
6768,"일반야영장(96면)",96,"N"
719,"일반야영장(25면)",25,"N"
7612,"자동차야영장사이트(38면)",38,"Y"
722,"일반야영장(60면) 자동차야영장사이트(60면) 카라반(1면)",121,"Y"
6971,"일반야영장(33면)",33,"N"
725,"자동차야영장사이트(60면) 글램핑시설(17면)",77,"N"
728,"일반야영장(17면)",17,"N"
731,"일반야영장(3면) 글램핑시설(11면)",14,"Y"
734,"글램핑시설(5면)",5,"N"
7930,"",0,"N"
100384,"글램핑시설(12면) 카라반(2면)",14,"Y"
739,"자동차야영장사이트(10면) 글램핑시설(5면)",15,"N"
2831,"글램핑시설(8면)",8,"N"
8188,"자동차야영장사이트(20면)",20,"Y"
100108,"일반야영장(19면)",19,"N"
7569,"일반야영장(50면)",50,"N"
7799,"일반야영장(30면)",30,"Y"
7533,"자동차야영장사이트(43면)",43,"N"
751,"글램핑시설(10면)",10,"N"
755,"글램핑시설(9면)",9,"Y"
6773,"",0,"N"
761,"자동차야영장사이트(36면) 카라반(17면)",53,"N"
766,"자동차야영장사이트(69면)",69,"N"
774,"자동차야영장사이트(23면)",23,"N"
7767,"일반야영장(12면)",12,"Y"
777,"",0,"N"
100521,"",0,"Y"
3454,"",0,"N"
782,"",0,"N"
783,"일반야영장(10면) 글램핑시설(6면)",16,"N"
7894,"일반야영장(15면) 자동차야영장사이트(15면) 글램핑시설(5면) 카라반(4면)",39,"Y"
784,"자동차야영장사이트(150면) 글램핑시설(5면)",155,"N"
100515,"",0,"Y"
100415,"글램핑시설(8면) 카라반(3면)",11,"Y"
7781,"일반야영장(8면)",8,"N"
797,"글램핑시설(22면) 카라반(15면)",37,"Y"
785,"글램핑시설(13면) 카라반(10면)",23,"Y"
787,"카라반(14면)",14,"N"
7415,"",0,"N"
788,"일반야영장(23면)",23,"N"
789,"일반야영장(10면)",10,"N"
791,"일반야영장(20면) 글램핑시설(12면) 카라반(4면)",36,"N"
100015,"자동차야영장사이트(65면) 글램핑시설(7면)",72,"Y"
100127,"글램핑시설(18면)",18,"N"
100416,"자동차야영장사이트(22면) 개인카라반사이트(10면)",32,"Y"
100194,"글램핑시설(10면) 카라반(20면)",30,"N"
6778,"일반야영장(24면)",24,"N"
7740,"일반야영장(11면)",11,"Y"
794,"일반야영장(20면)",20,"Y"
7241,"",0,"N"
798,"카라반(5면)",5,"N"
8028,"일반야영장(25면) 글램핑시설(3면) 카라반(4면)",32,"N"
7345,"",0,"N"
801,"일반야영장(33면)",33,"Y"
800,"자동차야영장사이트(32면)",32,"Y"
803,"일반야영장(30면)",30,"N"
804,"",0,"N"
7440,"",0,"N"
805,"일반야영장(62면) 자동차야영장사이트(62면)",124,"N"
7750,"일반야영장(12면) 자동차야영장사이트(3면) 카라반(5면)",20,"Y"
808,"",0,"N"
812,"일반야영장(28면)",28,"N"
814,"일반야영장(70면) 글램핑시설(8면) 덤프스테이션(1기)",79,"N"
819,"일반야영장(92면)",92,"N"
818,"일반야영장(38면)",38,"N"
821,"일반야영장(40면)",40,"N"
822,"일반야영장(28면)",28,"N"
100373,"카라반(13면)",13,"N"
7939,"자동차야영장사이트(25면) 글램핑시설(2면)",27,"N"
824,"",0,"N"
826,"자동차야영장사이트(29면)",29,"N"
827,"일반야영장(78면)",78,"N"
828,"자동차야영장사이트(24면)",24,"N"
829,"일반야영장(40면) 카라반(10면)",50,"N"
831,"자동차야영장사이트(60면)",60,"N"
7986,"자동차야영장사이트(40면)",40,"Y"
7547,"일반야영장(18면)",18,"N"
833,"일반야영장(27면)",27,"N"
8217,"일반야영장(19면) 글램핑시설(13면)",32,"N"
837,"일반야영장(60면)",60,"Y"
839,"일반야영장(35면)",35,"N"
6973,"자동차야영장사이트(29면)",29,"N"
7673,"자동차야영장사이트(6면) 카라반(5면)",11,"N"
7566,"일반야영장(104면)",104,"Y"
7587,"일반야영장(22면)",22,"Y"
7125,"일반야영장(43면)",43,"Y"
8206,"글램핑시설(5면) 카라반(13면)",18,"Y"
